<?xml version="1.0" encoding="UTF-8"?>
	<addon id="skin.aeonmq9" version="1.5.0" name="Aeon MQ 9" provider-name="MarcosQui">
	    <extension point="xbmc.addon.repository" name="Example Repository">
        <dir>
         <info compressed="false">https://raw.githubusercontent.com/Exotic-Blog/kodi-nexus/master/repo/zips/addons.xml</info>
         <checksum>https://raw.githubusercontent.com/Exotic-Blog/kodi-nexus/master/repo/zips/addons.xml.md5</checksum>
         <datadir zip="true">https://raw.githubusercontent.com/Exotic-Blog/kodi-nexus/master/repo/zips/</datadir>
        </dir>
    </extension>
	<requires>
		<import addon="xbmc.gui" version="5.16.0"/>
	</requires>
	<extension point="xbmc.gui.skin" debugging="false">	
		<res width="3840" height="2160" aspect="16:9" default="true" folder="xml" />		
	</extension>
	<extension point="xbmc.addon.metadata">
		<summary lang="en_GB">Aeon MQ 9, improved, more light and more powerful than ever.</summary>
		<summary lang="en_US">Aeon MQ 9, improved, more light and more powerful than ever.</summary>
		<summary lang="pt_BR">Aeon MQ 9, melhorada, mais leve e mais poderosa do que nunca.</summary>
		<description lang="en">The Aeon MQ 9 reaches its ninth edition.[CR]Reformulated, very simple to use, with a new code that provides a lightweight and powerful skin.[CR]The Aeon MQ 9 incorporates new features such as Flexible Widgets 3nd Generation which takes the main menu's level of customization to something never seen before.[CR]Aeon MQ 9, you've never seen a skin like this.</description>
		<description lang="pt_BR">A Aeon MQ 9 chega a sua nona edição.[CR]Reformulada, muito simples de usar, com um novo código que proporciona uma pele leve e poderosa.[CR]Aeon MQ 9 incorpora um novo recurso chamado Widgets Flexíveis de Terceira Geração que eleva o nível de customização como você nunca viu antes.[CR]Aeon MQ 9, você nunca viu uma skin assim.</description>
		<disclaimer lang="en_GB">Aeon MQ 9, improved, more light and more powerful than ever.</disclaimer>
		<disclaimer lang="en_US">Aeon MQ 9, improved, more light and more powerful than ever.</disclaimer>
		<disclaimer lang="pt_BR">Aeon MQ 9, melhorada, mais leve e mais poderosa do que nunca.</disclaimer>
		<platform>all</platform>
		<license>CC BY-SA 4.0, GNU GENERAL PUBLIC LICENSE Version 2.0</license>
		<forum>https://forum.kodi.tv/</forum>
		<assets>
			<icon>resources/icon.png</icon>
			<fanart>resources/fanart.jpg</fanart>
			<screenshot>resources/screenshot-01.jpg</screenshot>
			<screenshot>resources/screenshot-02.jpg</screenshot>
			<screenshot>resources/screenshot-03.jpg</screenshot>
			<screenshot>resources/screenshot-04.jpg</screenshot>
		</assets>
	</extension>
</addon>