<?xml version="1.0" encoding="UTF-8"?>
<window><!-- Aeon MQ 9 -->
	<defaultcontrol always="true">9000</defaultcontrol>	
	<onload condition="!String.IsEqual(skin.string(skin_reset_full),reset_full_01)">ActivateWindow(1163)</onload>
	<onload condition="!String.IsEqual(skin.string(skin_reset_basic),reset_basic_06)">ActivateWindow(1163)</onload>
	<onload condition="String.IsEqual(Window(home).Property(reload_home),true)">AlarmClock(reload_home,ReloadSkin(),0:01,true)</onload>
	<onload condition="String.IsEqual(Window(home).Property(reload_home),true)">ClearProperty(reload_home,home)</onload>	
	<onload condition="!String.IsEmpty(Weather.Plugin) + String.IsEmpty(skin.string(resource.images.weathericons.path))">InstallAddon(resource.images.weathericons.animated)</onload>
	<onload condition="Library.HasContent(TVShows) + !System.HasAddon(service.upnext)">InstallAddon(service.upnext)</onload>
	<onload condition="!System.HasAddon(script.skin.helper.service)">InstallAddon(script.skin.helper.service)</onload>
	<onload condition="Window.Previous(Startup)">SetFocus(9000, $VAR[mainmenu_current_item])</onload>
	<include content="library_status_list" condition="System.HasAddon(script.randomandlastitems)">
	</include>
	<onload>ClearProperty(library_status,home)</onload>
	<onload>ClearProperty(Playlist_Count,home)</onload>
	<onload>ClearProperty(background_copy,home)</onload>
	<onload>ClearProperty(widgets_info_person,home)</onload>
	<onunload>SetProperty(library_status,$INFO[Container(9000).ListItem.Property(master)],home)</onunload>
	<onunload>SetProperty(background_copy,$INFO[Container(9000).ListItem.Icon],home)</onunload>	
	<onunload>ClearProperty(SkinHelper.WidgetContainer,home)</onunload>
	<onunload condition="String.IsEqual(skin.string(kiosk_code_step),step3)">Skin.Reset(kiosk_code_step)</onunload>		
	<controls>	
		<include content="home_background">
		</include>
		<control type="image" id="8000">
			<include>invisible_image</include>
			<animation effect="fade" start="0" end="100" time="150" delay="1000" condition="String.IsEqual(skin.string(widgets_seconds),1)">Visible</animation>
			<animation effect="fade" start="0" end="100" time="150" delay="2000" condition="String.IsEqual(skin.string(widgets_seconds),2)">Visible</animation>
			<animation effect="fade" start="0" end="100" time="150" delay="3000" condition="String.IsEqual(skin.string(widgets_seconds),3)">Visible</animation>
			<animation effect="fade" start="0" end="100" time="150" delay="4000" condition="String.IsEqual(skin.string(widgets_seconds),4)">Visible</animation>
			<animation effect="fade" start="0" end="100" time="150" delay="5000" condition="String.IsEqual(skin.string(widgets_seconds),5)">Visible</animation>
			<visible>![Container(9000).OnNext | Container(9000).OnPrevious]</visible>
		</control>		
		<control type="image" id="8001">
			<include>invisible_image</include>
			<animation effect="fade" start="0" end="100" time="300">Visible</animation>
			<visible>![Container(9000).OnNext | Container(9000).OnPrevious]</visible>
		</control>
		<control type="image" id="8002">
			<include>invisible_image</include>
			<animation effect="fade" start="0" end="100" time="150" delay="500">Visible</animation>
			<visible>![Container(9000).OnNext | Container(9000).OnPrevious]</visible>
		</control>
		<control type="image" id="8006">
			<include>invisible_image</include>
			<animation effect="fade" start="0" end="100" time="150" delay="80">Visible</animation>
			<visible>![Container(9000).OnNext | Container(9000).OnPrevious]</visible>
		</control>
		<control type="group">
			<include>animation_home</include>	
			<include content="weather_clock">
				<param name="grouptop" value="40" />
				<param name="groupslide" value="-160" />				
				<param name="clockleft" value="100" />
				<param name="clockslide" value="600" />
				<param name="clockfont" value="font_clockhome" />
				<param name="clockcolor" value="light" />
				<param name="shadow" value="grey" />
				<param name="clockvisible" value="![Skin.HasSetting(mainmenu_clock_off) | !Skin.HasSetting(mainmenu_vertical) + Player.HasMedia + !Skin.HasSetting(mainmenu_now_playing_off)]" />
				<param name="datetop" value="160" />	
				<param name="datecolor" value="light" />
				<param name="datevisible" value="![Skin.HasSetting(mainmenu_clock_off) | !Skin.HasSetting(mainmenu_vertical) + Player.HasMedia + !Skin.HasSetting(mainmenu_now_playing_off)]" />		
				<param name="weatherleft" value="2500" />
				<param name="weathertop" value="16" />
				<param name="weatheralign" value="right" />
				<param name="weatherfont" value="font_weather_home" />
				<param name="weathercolor" value="light" />
				<param name="weathervisible" value="!Skin.HasSetting(mainmenu_weather_off)" />
				<param name="infoleft" value="2500" />
				<param name="infotop" value="140" />
				<param name="infoalign" value="right" />
				<param name="infovisible" value="!Skin.HasSetting(mainmenu_weather_off)" />
				<param name="weathericontop" value="10" />					
				<param name="weathericonleft" value="3540" />
				<param name="weathericon" value="200" />
				<param name="visible" value="![ControlGroup(5000).HasFocus | Window.IsVisible(1171) | String.IsEqual(Container(9000).ListItem.Property(widgettype),settings) | !String.IsEmpty(Weather.Plugin) + String.IsEqual(Container(9000).ListItem.Property(widgettype),weather) | String.IsEqual(skin.string(mainmenu_horizontal_style),11) | String.IsEqual(skin.string(mainmenu_horizontal_style),12) | String.IsEqual(skin.string(mainmenu_horizontal_style),13) | String.IsEqual(skin.string(mainmenu_horizontal_style),14) | String.IsEqual(skin.string(mainmenu_horizontal_style),15)]" />
			</include>
			<control type="image">
				<top>820</top>
				<height>1340</height>
				<texture colordiffuse="$INFO[skin.string(texture_base_color)]">shadow_mask.png</texture>
				<visible>String.IsEqual(skin.string(mainmenu_horizontal_style),11) | String.IsEqual(skin.string(mainmenu_horizontal_style),12) | String.IsEqual(skin.string(mainmenu_horizontal_style),13) | String.IsEqual(skin.string(mainmenu_horizontal_style),14) | String.IsEqual(skin.string(mainmenu_horizontal_style),15) | String.IsEqual(skin.string(mainmenu_horizontal_style),21)</visible>
			</control>						
			<include content="widgets_furniture">
				<param name="id" value="50" />
			</include>
			<include content="rss" condition="system.getbool(lookandfeel.enablerssfeeds)">
			</include>			
			<control type="group">
				<animation effect="fade" start="100" end="0" time="300" condition="ControlGroup(5000).HasFocus | ControlGroup(5052).HasFocus">Conditional</animation>
				<animation effect="zoom" center="1100,500" start="100" end="0" time="500" tween="sine" easing="inout" reversible="true" condition="ControlGroup(5000).HasFocus | ControlGroup(5052).HasFocus">Conditional</animation>
				<animation effect="slide" end="600,150" time="0" condition="Skin.HasSetting(mainmenu_vertical)">Conditional</animation>				
				<visible>Player.HasMedia + ![Skin.HasSetting(mainmenu_now_playing_off) | Window.IsVisible(submenu) | Window.IsVisible(1171) | String.IsEqual(Container(9000).ListItem.Property(widgettype),settings) | !String.IsEmpty(Weather.Plugin) + String.IsEqual(Container(9000).ListItem.Property(widgettype),weather)]</visible>
				<control type="label">
					<left>1134</left>
					<top>294</top>
					<width>1300</width>
					<height>60</height>
					<label>31582</label>
					<font>font_plot</font>
					<textcolor>light</textcolor>
					<shadowcolor>grey</shadowcolor>
					<scroll>true</scroll>
					<animation effect="slide" end="-428,0" time="300" tween="sine" easing="inout" condition="Player.HasAudio">Conditional</animation>
				</control>
				<control type="label">
					<left>1134</left>
					<top>374</top>
					<width>1300</width>
					<height>60</height>
					<label>$VAR[now_playing_title]</label>
					<font>font_list_boldsmall</font>
					<textcolor>light</textcolor>
					<shadowcolor>grey</shadowcolor>
					<scroll>true</scroll>
					<animation effect="slide" end="-428,0" time="300" tween="sine" easing="inout" condition="Player.HasAudio">Conditional</animation>
				</control>
				<control type="label">
					<left>706</left>
					<top>454</top>
					<width>1300</width>
					<height>60</height>
					<label>[B]$INFO[MusicPlayer.Artist][/B]</label>
					<font>font_plot</font>
					<textcolor>light</textcolor>
					<shadowcolor>grey</shadowcolor>
					<scroll>true</scroll>
					<visible>Player.HasAudio</visible>
				</control>
				<control type="image">
					<left>70</left>
					<top>264</top>
					<width>626</width>
					<height>624</height>
					<texture>now_playing_audio_border.png</texture>
					<visible>Player.HasAudio</visible>					
				</control>
				<control type="multiimage">
					<left>108</left>
					<top>300</top>
					<width>552</width>
					<height>552</height>
					<randomize>true</randomize>
					<fadetime>common_fade_time</fadetime>
					<timeperimage>common_time_per_image</timeperimage>
					<aspectratio align="center" aligny="bottom">keep</aspectratio>
					<imagepath fallback="DefaultPicture.png" background="true">$VAR[media_player_thumb]</imagepath>
					<visible>Player.HasAudio</visible>
				</control>
				<control type="image">
					<left>70</left>
					<top>264</top>
					<width>1054</width>
					<height>624</height>
					<texture>now_playing_video_border.png</texture>
					<visible>Player.HasVideo</visible>					
				</control>				
				<control type="videowindow">
					<left>106</left>
					<top>300</top>
					<width>982</width>
					<height>552</height>
					<aspectratio>stretch</aspectratio>
					<animation effect="slide" start="0,0" end="-6000,0" time="0" tween="sine" easing="out" >WindowClose</animation>
					<visible>Player.HasVideo</visible>
				</control>				
			</control>
			<control type="list" id="43260">
				<include>invisible_list</include>
				<content>$VAR[library_status_content]</content>
				<visible>String.IsEqual(Container(9000).ListItem.Property(master),videoplaylist) | String.IsEqual(Container(9000).ListItem.Property(master),videonode)</visible>
			</control>			
			<control type="group">
				<animation effect="fade" start="0" end="100" time="400" delay="300" condition="Window.Previous(Startup)">WindowOpen</animation>
				<animation effect="slide" end="0,357" time="200" tween="sine" easing="out" reversible="true" condition="!Skin.HasSetting(mainmenu_vertical) + ControlGroup(5000).HasFocus">Conditional</animation>
				<animation effect="slide" end="-550,0" time="200" tween="sine" easing="out" reversible="true" condition="Skin.HasSetting(mainmenu_vertical) + ControlGroup(5000).HasFocus">Conditional</animation>
				<include content="mainmenu_furniture" condition="String.IsEqual(skin.string(mainmenu_horizontal_style),1) | String.IsEqual(skin.string(mainmenu_horizontal_style),2)">
					<param name="top" value="1922" />
					<param name="width" value="3840" />
					<param name="height" value="238" />
					<param name="barheight" value="238" />
					<param name="compositionheight" value="238" />
					<param name="align" value="center" />
					<param name="focusposition" value="2" />
					<param name="orientation" value="horizontal" />
					<param name="itemlayoutwidth" value="692" />
					<param name="itemlayoutheight" value="238" />					
					<param name="focusedlayoutwidth" value="1072" />
				</include>
				<include content="mainmenu_furniture" condition="String.IsEqual(skin.string(mainmenu_vertical_style),1) | String.IsEqual(skin.string(mainmenu_vertical_style),2)">
					<param name="top" value="0" />
					<param name="width" value="550" />
					<param name="height" value="2160" />
					<param name="barheight" value="2160" />
					<param name="compositionheight" value="2160" />
					<param name="align" value="center" />
					<param name="focusposition" value="2" />
					<param name="orientation" value="vertical" />
					<param name="itemlayoutwidth" value="692" />
					<param name="itemlayoutheight" value="360" />					
					<param name="focusedlayoutwidth" value="1072" />
				</include>
				<include content="mainmenu_furniture" condition="String.IsEqual(skin.string(mainmenu_horizontal_style),11) | String.IsEqual(skin.string(mainmenu_horizontal_style),12) | String.IsEqual(skin.string(mainmenu_horizontal_style),13) | String.IsEqual(skin.string(mainmenu_horizontal_style),14) | String.IsEqual(skin.string(mainmenu_horizontal_style),15)">
					<param name="top" value="1960" />
					<param name="width" value="3840" />
					<param name="height" value="180" />
					<param name="barheight" value="170" />
					<param name="compositionheight" value="280" />
					<param name="align" value="center" />
					<param name="focusposition" value="0" />
					<param name="orientation" value="horizontal" />
					<param name="itemlayoutwidth" value="1150" />
					<param name="itemlayoutheight" value="180" />					
					<param name="focusedlayoutwidth" value="1440" />
				</include>	
				<include content="mainmenu_furniture" condition="String.IsEqual(skin.string(mainmenu_horizontal_style),21)">
					<param name="top" value="1940" />
					<param name="width" value="3840" />
					<param name="height" value="240" />
					<param name="barheight" value="140" />
					<param name="compositionheight" value="280" />
					<param name="align" value="center" />
					<param name="focusposition" value="1" />
					<param name="orientation" value="horizontal" />
					<param name="itemlayoutwidth" value="1278" />
					<param name="itemlayoutheight" value="180" />					
					<param name="focusedlayoutwidth" value="1278" />
				</include>					
			</control>
            <include content="mainmenu" condition="!Skin.HasSetting(mainmenufixedlist)">
					<param name="type" value="wraplist" />
					<param name="top" value="1940" />
					<param name="width" value="3840" />
					<param name="height" value="400" />
					<param name="onleft" value="8002" />
					<param name="onright" value="8001" />
					<param name="onup" value="9000" />
					<param name="ondown" value="9000" />
					<param name="orientation" value="horizontal" />
					<param name="movement" value="1" />
					<param name="itemlayoutwidth" value="1278" />
					<param name="itemlayoutheight" value="180" />
					<param name="focusedlayoutwidth" value="1278" />
					<param name="focusedlayoutheight" value="180" />
					<param name="fade" value="ControlGroup(600).HasFocus" />
				</include>
				<include content="mainmenu" condition="Skin.HasSetting(mainmenufixedlist)">
					<param name="type" value="fixedlist" />
					<param name="top" value="1940" />
					<param name="width" value="3840" />
					<param name="height" value="400" />
					<param name="onleft" value="8002" />
					<param name="onright" value="8001" />
					<param name="onup" value="9000" />
					<param name="ondown" value="9000" />
					<param name="orientation" value="horizontal" />
					<param name="movement" value="1" />
					<param name="itemlayoutwidth" value="1278" />
					<param name="itemlayoutheight" value="180" />
					<param name="focusedlayoutwidth" value="1278" />
					<param name="focusedlayoutheight" value="180" />
					<param name="fade" value="ControlGroup(600).HasFocus" />
				</include>			
			<include condition="Skin.HasSetting(touch_screen)">touch_screen</include>
		</control>
		<include>mask_background</include>
	</controls>
</window>