<?xml version="1.0" encoding="UTF-8"?>
<window><!-- Ace 2 -->
	<defaultcontrol always="true">149</defaultcontrol>
	<onload>SetProperty(videoinfo_view,50)</onload>	
	<onload condition="String.IsEmpty(skin.string(resource.images.studios.path))">InstallAddon(resource.images.studios.coloured)</onload>
	<onload condition="System.HasAddon(script.videoextras)">RunScript(script.videoextras,check,"$INFO[ListItem.FileNameAndPath]")</onload>
	<controls>
		<include content="media_info_background">
			<param name="fanart" value="$VAR[videoinfo_fanart]" />	
		</include>
		<control type="group">
			<include>animation_window</include>
			<include content="media_info_layout">
				<param name="title" value="$VAR[videoinfo_title]" />	
				<param name="tagline" value="$VAR[videoinfo_tag]" />
				<param name="taglinevisible" value="true" />
				<param name="thumb" value="$VAR[videoinfo_thumb]" />
				<param name="bordertexture" value="bigposter_shadow.png" />	
				<param name="bordersquare" value="Control.HasFocus(350)" />					
				<param name="artvisible" value="![Control.HasFocus(50) | Control.HasFocus(150) | Control.HasFocus(250)]" />
				<param name="oscarvisible" value="[!Control.HasFocus(50) + String.StartsWith(Window(home).Property(SkinHelper.ListItem.Awards),won)]" />			
				<param name="tip" value="$VAR[videoinfo_tip]" />	
				<param name="tipvisible" value="Control.HasFocus(50) | Control.HasFocus(150) | Control.HasFocus(250)" />			
			</include>
			<control type="group">
				<include>animation_fade</include>
				<visible>!Control.HasFocus(50)</visible>
				<control type="group">				
					<left>664</left>
					<top>100</top>
					<orientation>horizontal</orientation>
					<include>animation_fade</include>
					<control type="image">
						<width>790</width>
						<height>66</height>
						<texture colordiffuse="$INFO[skin.string(texture_color_base)]">videoinfo_flags_back_top.png</texture>
					</control>					
					<include content="media_flags_country">	
						<param name="flagleft" value="1" />
						<param name="flagtop" value="4" />
						<param name="flagwidth" value="87" />
						<param name="flagheight" value="59" />
						<param name="type" value="countries" />
						<param name="condition" value="ListItem.Country" />
						<param name="visible" value="!$EXP[dialog_video_info_control]" />
					</include>
					<include content="media_flags_common">
						<param name="flagleft" value="90" />
						<param name="flagtop" value="-32" />
						<param name="flagwidth" value="130" />
						<param name="flagheight" value="126" />					
						<param name="type" value="resolution" />
						<param name="condition" value="ListItem.VideoResolution" />
						<param name="visible" value="!$EXP[dialog_video_info_control]" />
					</include>
					<include content="media_flags_common">
						<param name="flagleft" value="90" />
						<param name="flagtop" value="-32" />
						<param name="flagwidth" value="130" />
						<param name="flagheight" value="126" />				
						<param name="type" value="resolution" />	
						<param name="condition" value="Container.ListItem.VideoResolution" />
						<param name="visible" value="$EXP[dialog_video_info_control]" />
					</include>
					<include content="media_flags_mpaa">	
						<param name="flagleft" value="200" />
						<param name="flagtop" value="-18" />
						<param name="flagwidth" value="200" />
						<param name="flagheight" value="100" />
						<param name="condition" value="ListItem.Mpaa" />
						<param name="visible" value="!$EXP[dialog_video_info_control]" />
					</include>
					<include content="media_flags_mpaa">	
						<param name="flagleft" value="200" />
						<param name="flagtop" value="-32" />
						<param name="flagwidth" value="200" />
						<param name="flagheight" value="126" />
						<param name="condition" value="Container.ListItem.Mpaa" />
						<param name="visible" value="$EXP[dialog_video_info_control]" />
					</include>
					<control type="label">
						<left>393</left>
						<width>150</width>
						<height>66</height>					
						<label>$VAR[videoinfo_year]</label>
						<font>font_year</font>
					</control>
					<control type="label">
						<left>555</left>
						<width>260</width>
						<height>66</height>					
						<label>$VAR[videoinfo_duration]</label>
						<font>font_year</font>
					</control>
				</control>					
				<include content="media_flags_rating_stars">	
					<param name="flagleft" value="664" />
					<param name="flagtop" value="185" />
					<param name="condition" value="ListItem.UserRating" />
					<param name="visible" value="!$EXP[dialog_video_info_control] + Integer.IsGreater(ListItem.UserRating,0)" />
				</include>
				<include content="media_flags_rating_stars">	
					<param name="flagleft" value="664" />
					<param name="flagtop" value="185" />
					<param name="condition" value="ListItem.Rating" />
					<param name="visible" value="!$EXP[dialog_video_info_control] + !Integer.IsGreater(ListItem.UserRating,0)" />
				</include>
				<include content="media_flags_rating_stars">	
					<param name="flagleft" value="664" />
					<param name="flagtop" value="185" />
					<param name="condition" value="Container.ListItem.Rating" />
					<param name="visible" value="$EXP[dialog_video_info_control]" />
				</include>
				<control type="label">
					<left>985</left>
					<top>185</top>
					<width>475</width>
					<height>30</height>
					<label>$VAR[media_rating_info]</label>
					<font>font_plot</font>
				</control>
				<control type="grouplist">
					<left>664</left>
					<top>230</top>
					<width>790</width>
					<height>400</height>
					<itemgap>2</itemgap>
					<visible>!ListItem.IsParentFolder</visible>
					<include content="media_info_details">
						<param name="header" value="" />
						<param name="headervisible" value="false" />
						<param name="infowidth" value="790" />
						<param name="info" value="[COLOR=$INFO[skin.string(header_color)]]$VAR[videoinfo_genre][/COLOR]" />
						<param name="visible" value="!String.IsEmpty(ListItem.Genre)" />
					</include>
					<include content="media_info_details">
						<param name="header" value="Top250" />
						<param name="headervisible" value="true" />
						<param name="infowidth" value="790" />
						<param name="info" value="$INFO[Window(home).Property(SkinHelper.ListItem.IMDB.Top250)]" />
						<param name="visible" value="Integer.IsGreater(Window(home).Property(SkinHelper.ListItem.IMDB.Top250),0)" />
					</include>
					<include content="media_info_details">
						<param name="header" value="$LOCALIZE[20376]" />
						<param name="headervisible" value="true" />
						<param name="infowidth" value="790" />
						<param name="info" value="$INFO[ListItem.OriginalTitle]" />
						<param name="visible" value="![Control.HasFocus(50) | $EXP[dialog_video_info_control] | String.IsEmpty(ListItem.OriginalTitle)]" />
					</include>
					<include content="media_info_details">
						<param name="header" value="$LOCALIZE[20339]" />
						<param name="headervisible" value="true" />
						<param name="infowidth" value="790" />
						<param name="info" value="$INFO[ListItem.Director]" />
						<param name="visible" value="![String.IsEmpty(ListItem.Director) | Control.HasFocus(150)]" />
					</include>
					<include content="media_info_details">
						<param name="header" value="$LOCALIZE[20388]" />
						<param name="headervisible" value="true" />
						<param name="infowidth" value="790" />
						<param name="info" value="$INFO[ListItem.Studio]" />
						<param name="visible" value="![String.IsEmpty(ListItem.Studio) | Control.HasFocus(150)]" />
					</include>
					<include content="media_info_details">
						<param name="header" value="$LOCALIZE[31233]" />
						<param name="headervisible" value="true" />
						<param name="infowidth" value="790" />
						<param name="info" value="$INFO[ListItem.Premiered]" />
						<param name="visible" value="![String.IsEmpty(ListItem.Premiered) | Control.HasFocus(150)]" />
					</include>
					<include content="media_info_details">
						<param name="header" value="$LOCALIZE[31233]" />
						<param name="headervisible" value="true" />
						<param name="infowidth" value="790" />
						<param name="info" value="$INFO[Container(150).ListItem.Premiered]" />
						<param name="visible" value="Control.HasFocus(150) + !String.IsEmpty(Container(150).ListItem.Premiered)" />
					</include>
					<include content="media_info_details">
						<param name="header" value="$LOCALIZE[573]" />
						<param name="headervisible" value="true" />
						<param name="infowidth" value="790" />
						<param name="info" value="$INFO[ListItem.FilenameAndPath]" />
						<param name="visible" value="![Control.HasFocus(50) | $EXP[dialog_video_info_control] | String.IsEmpty(ListItem.FilenameAndPath)]" />
					</include>
					<include content="media_info_plot">
						<param name="left" value="0" />
						<param name="top" value="0" />
						<param name="width" value="790" />
						<param name="height" value="400" />	
						<param name="label" value="$VAR[videoinfo_plot]" />								
						<param name="visible" value="true" />
					</include>					
				</control>					
				<control type="group">				
					<left>664</left>
					<top>640</top>
					<orientation>horizontal</orientation>
					<include>animation_fade</include>
					<visible>!Control.HasFocus(50)</visible>					
					<control type="image">
						<top>17</top>
						<width>790</width>
						<height>66</height>
						<texture colordiffuse="$INFO[skin.string(texture_color_base)]">videoinfo_flags_back_bottom.png</texture>
					</control>
					<include content="media_flags_common">
						<param name="flagleft" value="0" />
						<param name="flagtop" value="0" />
						<param name="flagwidth" value="110" />
						<param name="flagheight" value="100" />						
						<param name="type" value="studios" />
						<param name="condition" value="ListItem.Studio" />
						<param name="visible" value="!$EXP[dialog_video_info_control]" />
					</include>
					<include content="media_flags_common">
						<param name="flagleft" value="0" />
						<param name="flagtop" value="0" />
						<param name="flagwidth" value="110" />
						<param name="flagheight" value="100" />						
						<param name="type" value="studios" />	
						<param name="condition" value="Container.ListItem.Studio" />
						<param name="visible" value="$EXP[dialog_video_info_control]" />
					</include>
					<include content="media_flags_type">
						<param name="flagleft" value="113" />
						<param name="flagtop" value="0" />
						<param name="flagwidth" value="110" />
						<param name="flagheight" value="100" />						
						<param name="condition" value="ListItem.FileNameAndPath" />
						<param name="visible" value="!$EXP[dialog_video_info_control]" />
					</include>
					<include content="media_flags_type">
						<param name="flagleft" value="113" />
						<param name="flagtop" value="0" />
						<param name="flagwidth" value="110" />
						<param name="flagheight" value="100" />					
						<param name="condition" value="Container.ListItem.FileNameAndPath" />
						<param name="visible" value="$EXP[dialog_video_info_control]" />
					</include>
					<include content="media_flags_common">
						<param name="flagleft" value="227" />
						<param name="flagtop" value="0" />
						<param name="flagwidth" value="110" />
						<param name="flagheight" value="100" />					
						<param name="type" value="video_codec" />	
						<param name="condition" value="ListItem.VideoCodec" />
						<param name="visible" value="!$EXP[dialog_video_info_control]" />
					</include>
					<include content="media_flags_common">
						<param name="flagleft" value="227" />
						<param name="flagtop" value="0" />
						<param name="flagwidth" value="110" />
						<param name="flagheight" value="100" />					
						<param name="type" value="video_codec" />	
						<param name="condition" value="Container.ListItem.VideoCodec" />
						<param name="visible" value="$EXP[dialog_video_info_control]" />
					</include>
					<include content="media_flags_video_hdr">	
						<param name="flagleft" value="340" />
						<param name="flagtop" value="0" />
						<param name="flagwidth" value="110" />
						<param name="flagheight" value="100" />
						<param name="condition" value="ListItem.FileNameAndPath" />
						<param name="visible" value="!$EXP[dialog_video_info_control]" />
					</include>
					<include content="media_flags_bit_depth">
						<param name="flagleft" value="453" />
						<param name="flagtop" value="0" />
						<param name="flagwidth" value="110" />
						<param name="flagheight" value="100" />					
						<param name="condition" value="ListItem.FileNameAndPath" />
						<param name="visible" value="!$EXP[dialog_video_info_control]" />
					</include>
					<include content="media_flags_common">
						<param name="flagleft" value="567" />
						<param name="flagtop" value="0" />
						<param name="flagwidth" value="110" />
						<param name="flagheight" value="100" />					
						<param name="type" value="aspect_ratio" />
						<param name="condition" value="ListItem.VideoAspect" />
						<param name="visible" value="!$EXP[dialog_video_info_control]" />
					</include>
					<include content="media_flags_common">
						<param name="flagleft" value="567" />
						<param name="flagtop" value="0" />
						<param name="flagwidth" value="110" />
						<param name="flagheight" value="100" />					
						<param name="type" value="aspect_ratio" />	
						<param name="condition" value="Container.ListItem.VideoAspect" />
						<param name="visible" value="$EXP[dialog_video_info_control]" />
					</include>
					<include content="media_flags_audio_codec">
						<param name="flagleft" value="680" />
						<param name="flagtop" value="0" />
						<param name="flagwidth" value="110" />
						<param name="flagheight" value="100" />						
						<param name="condition" value="ListItem.FileNameAndPath" />
						<param name="condition2" value="ListItem.AudioCodec" />
						<param name="visible" value="!$EXP[dialog_video_info_control]" />
					</include>
					<include content="media_flags_audio_codec">
						<param name="flagleft" value="680" />
						<param name="flagtop" value="0" />
						<param name="flagwidth" value="110" />
						<param name="flagheight" value="100" />
						<param name="condition" value="Container.ListItem.FileNameAndPath" />
						<param name="condition2" value="Container.ListItem.AudioCodec" />
						<param name="visible" value="$EXP[dialog_video_info_control]" />
					</include>
				</control>
			</control>
			<control type="list" id="149">
				<include content="context_list">
					<param name="id" value="149" />
					<param name="left" value="1503" />
					<param name="top" value="100" />					
					<param name="width" value="367" />
					<param name="height" value="520" />
					<param name="onleft" value="131" />
					<param name="onright" value="131" />
					<param name="focusposition" value="0" />
					<param name="itemwidth" value="367" />
					<param name="itemheight" value="45" />
				</include>			
				<content>
					<item>
						<label>$LOCALIZE[13404]</label>
						<onclick>SendClick(9)</onclick>
					</item>
					<item>
						<label>$LOCALIZE[184]</label>
						<onclick>SendClick(6)</onclick>
						<visible>!Skin.HasSetting(kiosk_info)</visible>
					</item>
					<item>
						<label>$LOCALIZE[31066]</label>
						<onclick>Dialog.Close(movieinformation)</onclick>
						<onclick>RunScript(script.cinemavision,experience)</onclick>
						<visible>System.HasAddon(script.cinemavision) + [Container.Content(movies) | Container.Content(tvshows) | Container.Content(seasons) | Container.Content(episodes)]</visible>
					</item>
					<item>
						<label>$LOCALIZE[38023]</label>
						<onclick>SendClick(7)</onclick>
						<visible>!Skin.HasSetting(kiosk_info)</visible>
					</item>
					<item>
						<label>$LOCALIZE[31416]</label>
						<onclick>RunScript(script.videoextras,display,"$INFO[ListItem.FileNameAndPath]")</onclick>
						<visible>System.HasAddon(script.videoextras) + [Container.Content(movies) | Container.Content(episodes) | Container.Content(TVShows)] + String.IsEmpty(Window(movieinformation).Property("HideVideoExtrasButton"))</visible>
					</item>
					<item>
						<label>$LOCALIZE[31701]</label>
						<onclick>SendClick(11)</onclick>
						<visible>!String.IsEmpty(ListItem.Trailer)</visible>
					</item>
					<item>
						<label>$LOCALIZE[13511]</label>
						<onclick>SendClick(10)</onclick>
						<visible>!Skin.HasSetting(kiosk_info)</visible>
					</item>
					<item>
						<label>$LOCALIZE[20413]</label>
						<onclick>SendClick(12)</onclick>
						<visible>![Container.Content(episodes) | Container.Content(seasons) | Skin.HasSetting(kiosk_info)]</visible>
					</item>
					<item>
						<label>$LOCALIZE[31671]</label>
						<onclick>RunScript(script.libraryeditor,DBID=$INFO[ListItem.DBID])</onclick>
						<visible>System.HasAddon(script.libraryeditor)</visible>
					</item>
					<item>
						<label>$LOCALIZE[31906]</label>
						<onclick>SendClick(13)</onclick>
						<visible>!String.IsEmpty(ListItem.Director)</visible>
					</item>
					<item>
						<label>$LOCALIZE[31883]</label>
						<onclick condition="!System.HasAddon(script.extendedinfo)">InstallAddon(script.extendedinfo)</onclick>
						<onclick condition="System.HasAddon(script.extendedinfo)">Dialog.Close(movieinformation)</onclick>
						<onclick condition="System.HasAddon(script.extendedinfo)">RunScript(script.extendedinfo,info=extendedactorinfo,name=$INFO[ListItem.Director])</onclick>
					</item>
					<item>
						<label>$LOCALIZE[31884]</label>
						<onclick condition="!System.HasAddon(script.extendedinfo)">InstallAddon(script.extendedinfo)</onclick>
						<onclick condition="System.HasAddon(script.extendedinfo)">Dialog.Close(movieinformation)</onclick>
						<onclick condition="System.HasAddon(script.extendedinfo)">RunScript(script.extendedinfo,info=extendedactorinfo,name=$INFO[ListItem.Writer])</onclick>
					</item>
				</content>
			</control>			
			<control type="grouplist" id="130">
				<left>664</left>
				<top>730</top>
				<width>1206</width>
				<height>45</height>
				<onup>149</onup>
				<ondown>SetFocus($INFO[Window.Property(videoinfo_view)])</ondown>
				<orientation>horizontal</orientation>
				<itemgap>3</itemgap>
				<include content="media_info_buttons_bar">
					<param name="id" value="131" />	
					<param name="width" value="299" />							
					<param name="label" value="31703" />
					<param name="action" value="SetProperty(videoinfo_view,50)" />
					<param name="enable" value="!Container.Content(musicvideos)" />	
					<param name="visible" value="true" />
				</include>
				<include content="media_info_buttons_bar">
					<param name="id" value="132" />	
					<param name="width" value="299" />						
					<param name="label" value="$LOCALIZE[31046]" />
					<param name="action" value="SetProperty(videoinfo_view,150)" />
					<param name="enable" value="" />	
					<param name="visible" value="![Container.Content(musicvideos) | Container.Content(tvshows) | Container.Content(seasons) | Container.Content(episodes)]" />			
				</include>
				<include content="media_info_buttons_bar">
					<param name="id" value="133" />	
					<param name="width" value="299" />						
					<param name="label" value="$LOCALIZE[31046]" />
					<param name="action" value="SetProperty(videoinfo_view,250)" />
					<param name="enable" value="!Container.Content(musicvideos)" />	
					<param name="visible" value="Container.Content(tvshows) | Container.Content(seasons) | Container.Content(episodes)" />					
				</include>						
				<include content="media_info_buttons_bar">
					<param name="id" value="134" />	
					<param name="width" value="299" />						
					<param name="label" value="$LOCALIZE[31800]" />
					<param name="action" value="SetProperty(videoinfo_view,550)" />
					<param name="enable" value="!String.IsEmpty(ListItem.Property(AudioLanguage.1))" />	
					<param name="visible" value="true" />						
				</include>
				<include content="media_info_buttons_bar">
					<param name="id" value="135" />	
					<param name="width" value="299" />						
					<param name="label" value="$LOCALIZE[31321]" />
					<param name="action" value="SetProperty(videoinfo_view,650)" />
					<param name="enable" value="!String.IsEmpty(ListItem.Property(SubtitleLanguage.1))" />	
					<param name="visible" value="true" />						
				</include>					
			</control>
			<include content="gradient_line">
				<param name="left" value="664" />
				<param name="topline" value="729" />
				<param name="topshadow" value="729" />
				<param name="width" value="1206" />
				<param name="flipy" value="true" />
				<param name="visible" value="true" />
			</include>
			<control type="list" id="50">
				<include content="dialog_info_panel_layout">
					<param name="id" value="50" />
					<param name="ondown" value="RunScript(script.extendedinfo,info=extendedactorinfo,name=$INFO[Container(50).ListItem.Label])" />
					<param name="layoutwidth" value="110" />
				</include>
				<visible>String.IsEqual(Window.Property(videoinfo_view),50)</visible>				
			</control>
			<control type="list" id="150">
				<include content="dialog_info_panel_layout">
					<param name="id" value="150" />
					<param name="ondown" value="RunScript(script.extendedinfo,info=extendedinfo,name=$INFO[Container(150).ListItem.Title],imdb_id=$INFO[Container(150).ListItem.IMDBNumber])" />
					<param name="layoutwidth" value="110" />
				</include>				
			</control>
			<control type="list" id="250">
				<include content="dialog_info_panel_layout">
					<param name="id" value="250" />
					<param name="ondown" value="RunScript(script.extendedinfo,info=extendedtvinfo,name=$INFO[Container(250).ListItem.Label],imdb_id=$INFO[Container(250).ListItem.IMDBNumber])" />
					<param name="layoutwidth" value="110" />	
				</include>				
			</control>
			<control type="list" id="550">
				<include content="dialog_info_panel_layout">
					<param name="id" value="550" />
					<param name="layoutwidth" value="242" />	
				</include>
				<include>audio_language_content</include>
				<visible>String.IsEqual(Window.Property(videoinfo_view),550)</visible>				
			</control>
			<control type="list" id="650">
				<include content="dialog_info_panel_layout">
					<param name="id" value="650" />
					<param name="layoutwidth" value="242" />	
				</include>
				<include>subtitle_language_content</include>
				<visible>String.IsEqual(Window.Property(videoinfo_view),650)</visible>				
			</control>
		</control>
	</controls>
</window>