<?xml version="1.0" encoding="UTF-8"?>
<window><!-- Ace 2 -->
	<defaultcontrol>3</defaultcontrol>
	<controls>
		<include content="common_background">
			<param name="mask" value="white80" />	
			<param name="condition" value="true" />
		</include>
		<control type="group">
			<include>animation_window</include>			
			<control type="group">
				<animation effect="slide" end="-225,0" time="300" tween="sine" easing="out" reversible="true" condition="!String.IsEmpty(Control.GetLabel(8025))">Conditional</animation>				
				<include content="dialogs_furniture">
					<param name="id" value="1" />
					<param name="left" value="180" />
					<param name="width" value="1470" />
					<param name="title" value="" />				
				</include>				
				<control type="list" id="3">
					<left>225</left>
					<width>1470</width>
					<height>840</height>
					<onleft>Action(Back)</onleft>
					<onright>80</onright>
					<pagecontrol>80</pagecontrol>
					<itemlayout height="60">
						<include content="list_furniture">
							<param name="width" value="1470" />
							<param name="height" value="60" />
							<param name="align" value="center" />
							<param name="label" value="$INFO[ListItem.label]" />
							<param name="font" value="font_settings" />
						</include>
					</itemlayout>
					<focusedlayout height="60">
						<include content="list_furniturefocus">
							<param name="width" value="1470" />
							<param name="height" value="60" />
							<param name="align" value="center" />
							<param name="label" value="$INFO[ListItem.label]" />
							<param name="font" value="font_settings" />
							<param name="visible" value="Control.HasFocus(3)" />
						</include>
					</focusedlayout>
				</control>				
				<control type="list" id="6">
					<left>225</left>
					<width>1470</width>
					<height>840</height>
					<onleft>Action(Back)</onleft>
					<onright>81</onright>
					<pagecontrol>81</pagecontrol>
					<itemlayout height="60">
						<include content="list_furniture">
							<param name="width" value="1470" />
							<param name="height" value="60" />
							<param name="align" value="left" />							
							<param name="label" value="$INFO[ListItem.label]" />
							<param name="font" value="font_settings" />
						</include>
					</itemlayout>
					<focusedlayout height="60">
						<include content="list_furniturefocus">
							<param name="width" value="1470" />
							<param name="height" value="60" />
							<param name="align" value="left" />
							<param name="label" value="$INFO[ListItem.label]" />
							<param name="label2" value="$INFO[ListItem.AddonVersion]$INFO[ListItem.AddonCreator, - by ]" />
							<param name="font" value="font_settings" />
							<param name="font2" value="font_plot" />
							<param name="visible" value="Control.HasFocus(6)" />
						</include>
					</focusedlayout>	
				</control>
				<include content="scroll_bar_vertical">
					<param name="id" value="80" />
					<param name="left" value="1650" />
					<param name="top" value="180" />
					<param name="height" value="838" />
					<param name="onleft" value="3" />
					<param name="onright" value="5" />
					<param name="hiddenfocus" value="false" />
					<param name="visible" value="Control.IsVisible(3)" />
				</include>
				<include content="scroll_bar_vertical">
					<param name="id" value="81" />
					<param name="left" value="1650" />
					<param name="top" value="180" />
					<param name="height" value="838" />
					<param name="onleft" value="6" />
					<param name="onright" value="5" />
					<param name="hiddenfocus" value="false" />
					<param name="visible" value="Control.IsVisible(6)" />
				</include>
				<control type="group">
					<animation effect="slide" end="-225,0" time="300" tween="sine" easing="out" reversible="true" condition="!String.IsEmpty(Control.GetLabel(8025))">Conditional</animation>
					<include content="settings_right_title">
						<param name="label" value="$LOCALIZE[33029]" />
						<param name="slide" value="true" />
					</include>					
					<control type="image" id="8025">
						<left>1970</left>
						<top>180</top>
						<width>350</width>
						<height>450</height>
						<fadetime>common_fade_time</fadetime>
						<aspectratio aligny="bottom">keep</aspectratio>
						<texture>$VAR[dialog_select_icon]</texture>					
					</control>
					<include content="media_info_plot">
						<param name="left" value="1970" />
						<param name="top" value="645" />
						<param name="width" value="350" />
						<param name="height" value="375" />	
						<param name="label" value="$VAR[media_plot]" />							
						<param name="visible" value="true" />
					</include>
					<include content="gradient_line">
						<param name="left" value="1920" />
						<param name="topline" value="631" />
						<param name="topshadow" value="631" />
						<param name="width" value="450" />
						<param name="flipy" value="true" />
						<param name="visible" value="true" />
					</include>
				</control>
				<control type="grouplist" id="9001">
					<left>225</left>
					<top>1020</top>
					<width>1470</width>
					<height>60</height>				
					<onleft>3</onleft>
					<onright>3</onright>
					<onup>3</onup>
					<ondown>3</ondown>
					<align>center</align>
					<orientation>horizontal</orientation>
					<include content="settings_floor_button">
						<param name="id" value="5" />
						<param name="label" value="$LOCALIZE[186]" />
						<param name="width" value="735" />
						<param name="visible" value="true" />
					</include>
					<include content="settings_floor_button">
						<param name="id" value="8" />
						<param name="label" value="" />
						<param name="width" value="735" />
						<param name="visible" value="true" />
					</include>
					<include content="settings_floor_button">
						<param name="id" value="7" />
						<param name="label" value="$LOCALIZE[222]" />
						<param name="width" value="735" />
						<param name="visible" value="true" />
					</include>				
				</control>
				<include content="gradient_line">
					<param name="left" value="225" />
					<param name="topline" value="1020" />
					<param name="topshadow" value="1020" />
					<param name="width" value="1470" />
					<param name="flipy" value="true" />
					<param name="visible" value="true" />
				</include>	
			</control>			
		</control>
	</controls>
</window>