<?xml version="1.0" encoding="UTF-8"?>
<window><!-- Ace 2 -->
	<defaultcontrol always="true">50</defaultcontrol>	
	<onload condition="Container.Content(genres) + String.IsEmpty(skin.string(resource.images.moviegenreicons.path))">InstallAddon(resource.images.moviegenreicons.xzener-flat)</onload>
	<include>library_loads</include>
	<views>50,51,56,68,74</views>
	<controls>		
		<include>library_background</include>
		<control type="group">
			<include>animation_library</include>								
			<include>view_rightlist</include>				
			<include>view_frame</include>
			<include>view_wall</include>
			<include>view_tech</include>
			<include>view_setplus</include>
			<include>media_flags</include>
			<include>library_furniture</include>					
		</control>
	</controls>
</window>