<?xml version="1.0" encoding="UTF-8"?>
<window><!-- Ace 2 -->
	<defaultcontrol always="true">9000</defaultcontrol>
	<onload>Skin.Reset(show_color_picker)</onload>
	<onunload>Skin.Reset(reset_mode)</onunload>
	<controls>
		<include content="common_background">
			<param name="mask" value="white80" />	
			<param name="condition" value="true" />
		</include>
		<control type="group">
			<include>animation_window</include>
			<animation effect="slide" start="0,0" end="-450,0" time="300" tween="sine" easing="inout" condition="Skin.HasSetting(show_color_picker) | ControlGroup(460).HasFocus | ControlGroup(461).HasFocus| ControlGroup(470).HasFocus">Conditional</animation>
			<include content="settings_center_title">
				<param name="id" value="" />
				<param name="label" value="$VAR[settings_customtitle]" />
				<param name="width" value="1466" />
				<param name="labelwidth" value="1390" />
			</include>
			<control type="group">
				<visible>String.IsEqual(Window.Property(settings_view),mainmenu)</visible>
				<control type="grouplist" id="1000">
					<left>450</left>
					<top>180</top>
					<width>1470</width>
					<height>900</height>				
					<onleft>9000</onleft>
					<onright>80</onright>
					<onup>1000</onup>
					<ondown>1000</ondown>
					<pagecontrol>80</pagecontrol>
					<control type="button" id="1001">						
						<label>$LOCALIZE[31687] - $LOCALIZE[31599]</label>
						<texturefocus colordiffuse="ffdaa520">white.png</texturefocus>
						<onclick>Skin.Reset(mainmenu_vertical)</onclick>
						<onclick>Skin.Reset(mainmenu_clock_off)</onclick>
						<onclick>Skin.Reset(mainmenu_weather_off)</onclick>						
						<onclick>Skin.Reset(mainmenu_library_status_off)</onclick>
						<onclick>Skin.Reset(mainmenu_reminder_similar_off)</onclick>
						<onclick>Skin.Reset(mainmenu_reminder_inprogress_off)</onclick>						
						<onclick>Skin.Reset(mainmenu_reminder_now_playing_off)</onclick>
						<onclick>Skin.Reset(mainmenu_now_playing_off)</onclick>
						<onclick>Skin.Reset(mainmenu_custom_icons)</onclick>
						<onclick>Skin.SetString(widgets_mode,on)</onclick>
						<onclick>Skin.SetString(widgets_seconds,3)</onclick>
						<onclick>Skin.Reset(widgets_plot_off)</onclick>
						<onclick>Skin.Reset(reminder_similar_off)</onclick>
						<onclick>Skin.Reset(reminder_inprogress_off)</onclick>						
						<onclick>Skin.Reset(widgets_details_panel_off)</onclick>						
						<onclick>Skin.Reset(widgets_info_button)</onclick>						
						<onclick>Skin.Reset(movie_library_backgrounds)</onclick>
						<onclick>Skin.Reset(tvshow_library_backgrounds)</onclick>
						<onclick>Skin.Reset(concert_library_backgrounds)</onclick>
						<onclick>Skin.Reset(music_library_backgrounds)</onclick>
						<onclick>Skin.Reset(skin.composition.vertical.path)</onclick>
						<onclick>Skin.Reset(skin.composition.horizontal.path)</onclick>
						<onclick>Skin.Reset(custom_composition_vertical)</onclick>	
						<onclick>Skin.Reset(custom_composition_horizontal)</onclick>						
						<onclick>SetFocus(9000)</onclick>
						<onclick>Notification($LOCALIZE[31656],$LOCALIZE[31237])</onclick>
					</control>					
					<control type="button" id="1002">
						<label>31207</label>
						<onclick>ActivateWindow(1157)</onclick>
					</control>
					<control type="radiobutton" id="1003">
						<label>31516</label>
						<onclick>Skin.ToggleSetting(mainmenu_vertical)</onclick>
						<selected>Skin.HasSetting(mainmenu_vertical)</selected>
					</control>
					<control type="radiobutton" id="1004">
						<label>31250</label>
						<onclick>Skin.ToggleSetting(mainmenu_clock_off)</onclick>
						<selected>!Skin.HasSetting(mainmenu_clock_off)</selected>
					</control>	
					<control type="radiobutton" id="1005">
						<label>31248</label>
						<onclick>Skin.ToggleSetting(mainmenu_weather_off)</onclick>
						<selected>!Skin.HasSetting(mainmenu_weather_off)</selected>
					</control>										
					<control type="radiobutton" id="1006">
						<label>31672</label>
						<onclick>Skin.ToggleSetting(mainmenu_library_status_off)</onclick>
						<selected>!Skin.HasSetting(mainmenu_library_status_off)</selected>
					</control>
					<control type="radiobutton" id="1007">
						<label>31323</label>
						<onclick>Skin.ToggleSetting(mainmenu_reminder_similar_off)</onclick>
						<selected>!Skin.HasSetting(mainmenu_reminder_similar_off)</selected>
					</control>	
					<control type="radiobutton" id="1008">
						<label>31324</label>
						<onclick>Skin.ToggleSetting(mainmenu_reminder_inprogress_off)</onclick>
						<selected>!Skin.HasSetting(mainmenu_reminder_inprogress_off)</selected>
					</control>
					<control type="radiobutton" id="1009">
						<label>31348</label>
						<onclick>Skin.ToggleSetting(mainmenu_reminder_now_playing_off)</onclick>
						<selected>!Skin.HasSetting(mainmenu_reminder_now_playing_off)</selected>
					</control>
					<control type="radiobutton" id="1010">
						<label>31986</label>
						<onclick>Skin.ToggleSetting(mainmenu_now_playing_off)</onclick>
						<selected>!Skin.HasSetting(mainmenu_now_playing_off)</selected>
					</control>					
					<control type="radiobutton" id="1020">
						<label>31509</label>						
						<onclick condition="!Skin.HasSetting(mainmenu_custom_icons)">Skin.SetBool(mainmenu_custom_icons)</onclick>
						<onclick condition="!Skin.HasSetting(mainmenu_custom_icons)">Skin.SetPath(mainmenu.icons.path)</onclick>
						<onclick condition="Skin.HasSetting(mainmenu_custom_icons)">Skin.Reset(mainmenu_custom_icons)</onclick>						
						<selected>Skin.HasSetting(mainmenu_custom_icons)</selected>
					</control>					
					<control type="label" id="1021">
						<label>31249</label>
						<textcolor>$INFO[skin.string(header_color)]</textcolor>		
						<textoffsetx>50</textoffsetx>						
					</control>
					<control type="button" id="1022">
						<label>31459</label>
						<label2>$VAR[widgets_mode]</label2>
						<onclick condition="String.Contains(skin.string(widgets_mode),on)">Skin.SetString(widgets_mode,manual)</onclick>
						<onclick condition="String.Contains(skin.string(widgets_mode),manual)">Skin.SetString(widgets_mode,auto)</onclick>
						<onclick condition="String.Contains(skin.string(widgets_mode),auto)">Skin.SetString(widgets_mode,on)</onclick>
					</control>	
					<control type="button" id="1023">
						<label>$VAR[widgets_seconds]</label>
						<onclick condition="String.IsEqual(skin.string(widgets_seconds),1)">Skin.SetString(widgets_seconds,2)</onclick>
						<onclick condition="String.IsEqual(skin.string(widgets_seconds),2)">Skin.SetString(widgets_seconds,3)</onclick>
						<onclick condition="String.IsEqual(skin.string(widgets_seconds),3)">Skin.SetString(widgets_seconds,4)</onclick>
						<onclick condition="String.IsEqual(skin.string(widgets_seconds),4)">Skin.SetString(widgets_seconds,5)</onclick>
						<onclick condition="String.IsEqual(skin.string(widgets_seconds),5)">Skin.SetString(widgets_seconds,1)</onclick>
						<enable>String.Contains(skin.string(widgets_mode),auto)</enable>
					</control>	
					<control type="radiobutton" id="1024">
						<label>31076</label>
						<onclick>Skin.ToggleSetting(widgets_details_panel_off)</onclick>
						<selected>!Skin.HasSetting(widgets_details_panel_off)</selected>
					</control>
					<control type="radiobutton" id="1025">
						<label>31253</label>
						<onclick>Skin.ToggleSetting(widgets_plot_off)</onclick>
						<selected>!Skin.HasSetting(widgets_plot_off)</selected>
						<enable>!Skin.HasSetting(widgets_details_panel_off)</enable>
					</control>
					<control type="radiobutton" id="1026">
						<label>31254</label>
						<onclick>Skin.ToggleSetting(widgets_info_button)</onclick>
						<selected>Skin.HasSetting(widgets_info_button)</selected>
					</control>					
					<control type="label" id="1027">
						<label>31327</label>
						<textcolor>$INFO[skin.string(header_color)]</textcolor>
						<textoffsetx>50</textoffsetx>						
					</control>
					<control type="button" id="1028">	
						<label>$LOCALIZE[31547] / $LOCALIZE[31548]</label>
						<onclick condition="!System.HasAddon(script.artworkorganizer)">InstallAddon(script.artworkorganizer)</onclick>
						<onclick condition="System.HasAddon(script.artworkorganizer)">RunScript(script.artworkorganizer)</onclick>
						<visible>Library.HasContent(Movies) | Library.HasContent(TVShows) | Library.HasContent(MusicVideos) | Library.HasContent(Music)</visible>
					</control>
					<control type="radiobutton" id="1040">	
						<label>$LOCALIZE[31537] $LOCALIZE[31003]</label>
						<onclick condition="![Skin.HasSetting(movie_library_backgrounds) | Skin.HasSetting(tvshow_library_backgrounds) | Skin.HasSetting(concert_library_backgrounds) | Skin.HasSetting(music_library_backgrounds)]">RunScript(script.artworkorganizer)</onclick>
						<onclick>Skin.ToggleSetting(movie_library_backgrounds)</onclick>
						<selected>Skin.HasSetting(movie_library_backgrounds)</selected>
						<visible>System.HasAddon(script.artworkorganizer) + Library.HasContent(Movies)</visible>
					</control>
					<control type="radiobutton" id="1041">	
						<label>$LOCALIZE[31537] $LOCALIZE[31005]</label>
						<onclick condition="![Skin.HasSetting(movie_library_backgrounds) | Skin.HasSetting(tvshow_library_backgrounds) | Skin.HasSetting(concert_library_backgrounds) | Skin.HasSetting(music_library_backgrounds)]">RunScript(script.artworkorganizer)</onclick>
						<onclick>Skin.ToggleSetting(tvshow_library_backgrounds)</onclick>
						<selected>Skin.HasSetting(tvshow_library_backgrounds)</selected>
						<visible>System.HasAddon(script.artworkorganizer) + Library.HasContent(TVShows)</visible>
					</control>
					<control type="radiobutton" id="1042">	
						<label>$LOCALIZE[31537] $LOCALIZE[31013]</label>
						<onclick condition="![Skin.HasSetting(movie_library_backgrounds) | Skin.HasSetting(tvshow_library_backgrounds) | Skin.HasSetting(concert_library_backgrounds) | Skin.HasSetting(music_library_backgrounds)]">RunScript(script.artworkorganizer)</onclick>
						<onclick>Skin.ToggleSetting(concert_library_backgrounds)</onclick>
						<selected>Skin.HasSetting(concert_library_backgrounds)</selected>
						<visible>System.HasAddon(script.artworkorganizer) + Library.HasContent(MusicVideos)</visible>
					</control>
					<control type="radiobutton" id="1043">	
						<label>$LOCALIZE[31537] $LOCALIZE[31002]</label>
						<onclick condition="![Skin.HasSetting(movie_library_backgrounds) | Skin.HasSetting(tvshow_library_backgrounds) | Skin.HasSetting(concert_library_backgrounds) | Skin.HasSetting(music_library_backgrounds)]">RunScript(script.artworkorganizer)</onclick>
						<onclick>Skin.ToggleSetting(music_library_backgrounds)</onclick>
						<selected>Skin.HasSetting(music_library_backgrounds)</selected>
						<visible>System.HasAddon(script.artworkorganizer) + Library.HasContent(Music)</visible>
					</control>
					<control type="label" id="1050">
						<label>31577</label>
						<textcolor>$INFO[skin.string(header_color)]</textcolor>
						<textoffsetx>50</textoffsetx>						
					</control>					
					<include content="radiobutton_composition">
						<param name="id" value="1051" />
						<param name="label" value="$LOCALIZE[31594] ($LOCALIZE[31396])" />
						<param name="orientation" value="horizontal" />
						<param name="type" value="single_internal" />
						<param name="action" value="Skin.SetImage(skin.composition.horizontal.path,special://skin/compositions/horizontal)" />
						<param name="visible" value="!Skin.HasSetting(mainmenu_vertical)" />
					</include>
					<include content="radiobutton_composition">
						<param name="id" value="1052" />
						<param name="label" value="$LOCALIZE[31594] ($LOCALIZE[31396])" />
						<param name="orientation" value="vertical" />
						<param name="type" value="single_internal" />
						<param name="action" value="Skin.SetImage(skin.composition.vertical.path,special://skin/compositions/vertical)" />
						<param name="visible" value="Skin.HasSetting(mainmenu_vertical)" />
					</include>
					<include content="radiobutton_composition">
						<param name="id" value="1053" />
						<param name="label" value="$LOCALIZE[31595] ($LOCALIZE[31396])" />
						<param name="orientation" value="horizontal" />
						<param name="type" value="multi_internal" />
						<param name="action" value="Skin.SetString(skin.composition.horizontal.path,special://skin/compositions/horizontal)" />
						<param name="visible" value="!Skin.HasSetting(mainmenu_vertical)" />
					</include>
					<include content="radiobutton_composition">
						<param name="id" value="1054" />
						<param name="label" value="$LOCALIZE[31595] ($LOCALIZE[31396])" />
						<param name="orientation" value="vertical" />
						<param name="type" value="multi_internal" />
						<param name="action" value="Skin.SetString(skin.composition.vertical.path,special://skin/compositions/vertical)" />
						<param name="visible" value="Skin.HasSetting(mainmenu_vertical)" />
					</include>
					<include content="radiobutton_composition">
						<param name="id" value="1055" />
						<param name="label" value="$LOCALIZE[31594] ($LOCALIZE[31397])" />
						<param name="orientation" value="horizontal" />
						<param name="type" value="single_external" />
						<param name="action" value="Skin.SetImage(skin.composition.horizontal.path)" />
						<param name="visible" value="!Skin.HasSetting(mainmenu_vertical)" />
					</include>
					<include content="radiobutton_composition">
						<param name="id" value="1056" />
						<param name="label" value="$LOCALIZE[31594] ($LOCALIZE[31397])" />
						<param name="orientation" value="vertical" />
						<param name="type" value="single_external" />
						<param name="action" value="Skin.SetImage(skin.composition.vertical.path)" />
						<param name="visible" value="Skin.HasSetting(mainmenu_vertical)" />
					</include>					
					<include content="radiobutton_composition">
						<param name="id" value="1057" />
						<param name="label" value="$LOCALIZE[31595] ($LOCALIZE[31397])" />
						<param name="orientation" value="horizontal" />
						<param name="type" value="multi_external" />
						<param name="action" value="Skin.SetPath(skin.composition.horizontal.path)" />
						<param name="visible" value="!Skin.HasSetting(mainmenu_vertical)" />
					</include>
					<include content="radiobutton_composition">
						<param name="id" value="1058" />
						<param name="label" value="$LOCALIZE[31595] ($LOCALIZE[31397])" />
						<param name="orientation" value="vertical" />
						<param name="type" value="multi_external" />
						<param name="action" value="Skin.SetPath(skin.composition.vertical.path)" />
						<param name="visible" value="Skin.HasSetting(mainmenu_vertical)" />
					</include>					
				</control>
				<include content="scroll_bar_vertical">
					<param name="id" value="80" />
					<param name="left" value="1875" />
					<param name="top" value="180" />
					<param name="height" value="900" />
					<param name="onleft" value="1000" />
					<param name="onright" value="1000" />
					<param name="hiddenfocus" value="false" />
					<param name="visible" value="true" />
				</include>
			</control>	
			<control type="group">
				<visible>String.IsEqual(Window.Property(settings_view),backgrounds)</visible>
				<control type="grouplist" id="1100">
					<left>450</left>
					<top>180</top>
					<width>1470</width>
					<height>900</height>				
					<onleft>9000</onleft>
					<onup>1100</onup>
					<ondown>1100</ondown>
					<control type="button" id="1101">						
						<label>$LOCALIZE[31687] - $LOCALIZE[31599]</label>
						<texturefocus colordiffuse="ffdaa520">white.png</texturefocus>
						<onclick>Skin.Reset(custom_background)</onclick>
						<onclick>Skin.Reset(animation_panscan)</onclick>
						<onclick>Skin.Reset(keep_aspect)</onclick>
						<onclick>SetFocus(9000)</onclick>
						<onclick>Notification($LOCALIZE[31656],$LOCALIZE[31237])</onclick>
					</control>	
					<control type="radiobutton" id="1102">
						<label>31217</label>
						<onclick condition="!String.IsEqual(skin.string(custom_background),single)">Skin.SetString(custom_background,single)</onclick>
						<onclick condition="!String.IsEqual(skin.string(custom_background),single)">Skin.SetImage(skin.background.path)</onclick>
						<onclick condition="String.IsEqual(skin.string(custom_background),single)">Skin.Reset(custom_background)</onclick>
						<selected>String.IsEqual(skin.string(custom_background),single)</selected>
					</control>					
					<control type="radiobutton" id="1103">
						<label>31218</label>
						<onclick condition="!String.IsEqual(skin.string(custom_background),multi)">Skin.SetString(custom_background,multi)</onclick>
						<onclick condition="!String.IsEqual(skin.string(custom_background),multi)">Skin.SetPath(skin.background.path)</onclick>
						<onclick condition="String.IsEqual(skin.string(custom_background),multi)">Skin.Reset(custom_background)</onclick>
						<selected>String.IsEqual(skin.string(custom_background),multi)</selected>
					</control>					
					<control type="radiobutton" id="1104">
						<label>31544</label>
						<onclick condition="!String.IsEqual(skin.string(custom_background),weather_conditional)">Skin.SetString(custom_background,weather_conditional)</onclick>
						<onclick condition="String.IsEqual(skin.string(custom_background),weather_conditional)">Skin.Reset(custom_background)</onclick>
						<selected>String.IsEqual(skin.string(custom_background),weather_conditional)</selected>
						<enable>!String.IsEmpty(skin.string(resource.images.weatherfanart.path))</enable>
					</control>					
					<control type="button" id="1105">
						<label>31543</label>
						<onclick>SetFocus(9000, 3)</onclick>
					</control>
					<control type="radiobutton" id="1106">
						<label>31463</label>
						<onclick>Skin.ToggleSetting(animation_panscan)</onclick>
						<selected>Skin.HasSetting(animation_panscan)</selected>
					</control>
					<control type="radiobutton" id="1107">
						<label>31245</label>
						<onclick>Skin.ToggleSetting(keep_aspect)</onclick>
						<onclick>ReloadSkin</onclick>
						<selected>Skin.HasSetting(keep_aspect)</selected>
					</control>						
				</control>
			</control>
			<control type="group">
				<visible>String.IsEqual(Window.Property(settings_view),art)</visible>
				<control type="grouplist" id="1200">
					<left>450</left>
					<top>180</top>
					<width>1470</width>
					<height>900</height>				
					<onleft>9000</onleft>
					<onright>82</onright>
					<onup>1200</onup>
					<ondown>1200</ondown>
					<pagecontrol>82</pagecontrol>
					<control type="button" id="1201">					
						<label>$LOCALIZE[31687] - $LOCALIZE[31599]</label>
						<texturefocus colordiffuse="ffdaa520">white.png</texturefocus>
						<onclick>Skin.Reset(overlay_watched_off)</onclick>
						<onclick>Skin.SetString(overlay_watched_color,header)</onclick>
						<onclick>Skin.SetString(overlay_watched_style,0)</onclick>
						<onclick>Skin.Reset(overlay_inprogress_off)</onclick>
						<onclick>Skin.SetString(overlay_inprogress_color,header)</onclick>
						<onclick>Skin.SetString(overlay_inprogress_style,0)</onclick>
						<onclick>Skin.Reset(scroll_letters_off)</onclick>
						<onclick>Skin.Reset(prefer_video_clearart_off)</onclick>
						<onclick>Skin.Reset(prefer_music_clearart_off)</onclick>
						<onclick>Skin.Reset(SkinHelper.EnableAnimatedPosters)</onclick>
						<onclick>Skin.Reset(SkinHelper.EnableAnimatedFanarts)</onclick>
						<onclick>Skin.SetBool(SkinHelper.EnableExtraFanart)</onclick>
						<onclick>Skin.SetBool(SkinHelper.EnableMusicArt)</onclick>
						<onclick>Skin.SetBool(SkinHelper.EnableExtendedArt)</onclick>						
						<onclick>SetFocus(9000)</onclick>
						<onclick>Notification($LOCALIZE[31656],$LOCALIZE[31237])</onclick>
					</control>
					<control type="radiobutton" id="1203">
						<label>31485</label>
						<onclick>Skin.ToggleSetting(overlay_watched_off)</onclick>
						<selected>!Skin.HasSetting(overlay_watched_off)</selected>
					</control>
					<control type="button" id="1204">
						<label>31680</label>
						<onclick>RunScript(script.skin.helper.colorpicker,skinstring=overlay_watched_color)</onclick>
						<onright>RunScript(script.skin.helper.colorpicker,skinstring=overlay_watched_color)</onright>
						<enable>System.HasAddon(script.skin.helper.colorpicker)</enable>
					</control>
					<include content="settings_overlay_group">
						<param name="id" value="1209" />
						<param name="label" value="$LOCALIZE[31184]" />
						<param name="onup" value="1204" />
						<param name="ondown" value="1211" />
						<param name="type" value="watched" />
					</include>					
					<control type="radiobutton" id="1211">
						<label>31487</label>
						<onclick>Skin.ToggleSetting(overlay_inprogress_off)</onclick>
						<selected>!Skin.HasSetting(overlay_inprogress_off)</selected>
					</control>
					<control type="button" id="1212">
						<label>31680</label>
						<onclick>RunScript(script.skin.helper.colorpicker,skinstring=overlay_inprogress_color)</onclick>
						<onright>RunScript(script.skin.helper.colorpicker,skinstring=overlay_inprogress_color)</onright>
						<enable>System.HasAddon(script.skin.helper.colorpicker)</enable>
					</control>
					<include content="settings_overlay_group">
						<param name="id" value="1213" />
						<param name="label" value="$LOCALIZE[31184]" />
						<param name="onup" value="1212" />
						<param name="ondown" value="1221" />
						<param name="type" value="inprogress" />
					</include>
					<control type="radiobutton" id="1221">
						<label>31534</label>
						<onclick>Skin.ToggleSetting(scroll_letters_off)</onclick>
						<selected>!Skin.HasSetting(scroll_letters_off)</selected>
					</control>				
					<control type="label" id="1225">
						<label>$LOCALIZE[31408] - $LOCALIZE[31001]</label>						
						<textcolor>$INFO[skin.string(header_color)]</textcolor>	
						<textoffsetx>50</textoffsetx>						
					</control>
					<control type="togglebutton" id="1227">
						<label>$LOCALIZE[31495]</label>
						<altlabel>$LOCALIZE[31494]</altlabel>
						<onclick>Skin.ToggleSetting(prefer_video_clearart_off)</onclick>
						<selected>!Skin.HasSetting(prefer_video_clearart_off)</selected>
						<enable>!Skin.HasSetting(no_art_video)</enable>
					</control>
					<control type="label" id="1228">
						<label>$LOCALIZE[31408] - $LOCALIZE[31002]</label>
						<textcolor>$INFO[skin.string(header_color)]</textcolor>
						<textoffsetx>50</textoffsetx>						
					</control>
					<control type="togglebutton" id="1230">
						<label>$LOCALIZE[31495]</label>
						<altlabel>$LOCALIZE[31494]</altlabel>
						<onclick>Skin.ToggleSetting(prefer_music_clearart_off)</onclick>
						<selected>!Skin.HasSetting(prefer_music_clearart_off)</selected>
						<enable>!Skin.HasSetting(no_art_music)</enable>
					</control>
					<control type="label" id="1238">
						<label>$LOCALIZE[13513] - $LOCALIZE[31462]</label>
						<textcolor>$INFO[skin.string(header_color)]</textcolor>	
						<textoffsetx>50</textoffsetx>						
					</control>					
					<control type="radiobutton" id="1239">
						<label>$LOCALIZE[31223]</label>
						<onclick>Skin.ToggleSetting(SkinHelper.EnableAnimatedPosters)</onclick>
						<selected>Skin.HasSetting(SkinHelper.EnableAnimatedPosters)</selected>
					</control>
					<control type="radiobutton" id="1240">
						<label>$LOCALIZE[31224]</label>
						<onclick>Skin.ToggleSetting(SkinHelper.EnableAnimatedFanarts)</onclick>
						<selected>Skin.HasSetting(SkinHelper.EnableAnimatedFanarts)</selected>
					</control>						
					<control type="radiobutton" id="1241">
						<label>$LOCALIZE[31439]</label>
						<onclick>Skin.ToggleSetting(SkinHelper.EnableExtraFanart)</onclick>
						<selected>Skin.HasSetting(SkinHelper.EnableExtraFanart)</selected>
					</control>					
					<control type="radiobutton" id="1242">
						<label>$LOCALIZE[31440]</label>
						<onclick>Skin.ToggleSetting(SkinHelper.EnableMusicArt)</onclick>
						<selected>Skin.HasSetting(SkinHelper.EnableMusicArt)</selected>
					</control>
					<control type="radiobutton" id="1243">
						<label>$LOCALIZE[31441]</label>
						<onclick>Skin.ToggleSetting(SkinHelper.EnableExtendedArt)</onclick>
						<selected>Skin.HasSetting(SkinHelper.EnableExtendedArt)</selected>
					</control>
				</control>
				<include content="scroll_bar_vertical">
					<param name="id" value="82" />
					<param name="left" value="1875" />
					<param name="top" value="180" />
					<param name="height" value="900" />
					<param name="onleft" value="1200" />
					<param name="onright" value="1200" />
					<param name="hiddenfocus" value="false" />
					<param name="visible" value="true" />
				</include>
			</control>			
			<control type="group">
				<visible>String.IsEqual(Window.Property(settings_view),stars)</visible>
				<control type="grouplist" id="1300">
					<left>450</left>
					<top>180</top>
					<width>1470</width>
					<height>900</height>				
					<onleft>9000</onleft>
					<onup>1300</onup>
					<ondown>1300</ondown>
					<control type="button" id="1301">
						<label>$LOCALIZE[31687] - $LOCALIZE[31599]</label>
						<texturefocus colordiffuse="ffdaa520">white.png</texturefocus>
						<onclick>Skin.SetString(ratingstars_color09,ffe7faff)</onclick>
						<onclick>Skin.SetString(ratingstars_color19,ff33d6ff)</onclick>
						<onclick>Skin.SetString(ratingstars_color29,ff3870ff)</onclick>
						<onclick>Skin.SetString(ratingstars_color39,ffa366ff)</onclick>
						<onclick>Skin.SetString(ratingstars_color49,ffa219ff)</onclick>
						<onclick>Skin.SetString(ratingstars_color59,ffffe135)</onclick>
						<onclick>Skin.SetString(ratingstars_color69,ffff751a)</onclick>
						<onclick>Skin.SetString(ratingstars_color79,ffe72e00)</onclick>
						<onclick>Skin.SetString(ratingstars_color89,ff8db600)</onclick>
						<onclick>Skin.SetString(ratingstars_color100,ff008000)</onclick>
						<onclick>Skin.SetString(ratingstars_style,3d)</onclick>
						<onclick>Notification($LOCALIZE[31656],$LOCALIZE[31237])</onclick>
						<onclick>SetFocus(9000)</onclick>
					</control>					
					<control type="button" id="1302">
						<label>$LOCALIZE[31130]</label>
						<label2>$VAR[ratingstars_status]</label2>
						<onclick condition="String.IsEqual(skin.string(ratingstars_style),3d)">Skin.SetString(ratingstars_style,bar)</onclick>
						<onclick condition="String.IsEqual(skin.string(ratingstars_style),bar)">Skin.SetString(ratingstars_style,flat)</onclick>	
						<onclick condition="String.IsEqual(skin.string(ratingstars_style),flat)">Skin.SetString(ratingstars_style,italic)</onclick>	
						<onclick condition="String.IsEqual(skin.string(ratingstars_style),italic)">Skin.SetString(ratingstars_style,sloped)</onclick>
						<onclick condition="String.IsEqual(skin.string(ratingstars_style),sloped)">Skin.SetString(ratingstars_style,strip)</onclick>
						<onclick condition="String.IsEqual(skin.string(ratingstars_style),strip)">Skin.SetString(ratingstars_style,3d)</onclick>
					</control>					
					<control type="group" id="1303">
						<orientation>horizontal</orientation>
						<width>1470</width>
						<height>60</height>
						<include content="stars_selector_item">
							<param name="id" value="350" />
							<param name="up" value="1302" />
							<param name="down" value="1304" />
							<param name="label" value="0,0 - 0,9" />
							<param name="set" value="09" />
							<param name="starnofocus" value="1.0" />
							<param name="starfocus" value="0.9" />
						</include>
					</control>
					<control type="group" id="1304">
						<orientation>horizontal</orientation>
						<width>1470</width>
						<height>60</height>
						<include content="stars_selector_item">
							<param name="id" value="351" />
							<param name="up" value="1303" />
							<param name="down" value="1305" />
							<param name="label" value="1,0 - 1,9" />
							<param name="set" value="19" />
							<param name="starnofocus" value="1.0" />
							<param name="starfocus" value="1.5" />
						</include>
					</control>
					<control type="group" id="1305">
						<orientation>horizontal</orientation>
						<width>1470</width>
						<height>60</height>
						<include content="stars_selector_item">
							<param name="id" value="352" />
							<param name="up" value="1304" />
							<param name="down" value="1306" />
							<param name="label" value="2,0 - 2,9" />
							<param name="set" value="29" />
							<param name="starnofocus" value="1.0" />
							<param name="starfocus" value="2.5" />
						</include>
					</control>
					<control type="group" id="1306">
						<orientation>horizontal</orientation>
						<width>1470</width>
						<height>60</height>
						<include content="stars_selector_item">
							<param name="id" value="353" />
							<param name="up" value="1305" />
							<param name="down" value="1307" />
							<param name="label" value="3,0 - 3,9" />
							<param name="set" value="39" />
							<param name="starnofocus" value="1.0" />
							<param name="starfocus" value="3.5" />
						</include>
					</control>
					<control type="group" id="1307">
						<orientation>horizontal</orientation>
						<width>1470</width>
						<height>60</height>
						<include content="stars_selector_item">
							<param name="id" value="354" />
							<param name="up" value="1306" />
							<param name="down" value="1308" />
							<param name="label" value="4,0 - 4,9" />
							<param name="set" value="49" />
							<param name="starnofocus" value="1.0" />
							<param name="starfocus" value="4.5" />
						</include>
					</control>
					<control type="group" id="1308">
						<orientation>horizontal</orientation>
						<width>1470</width>
						<height>60</height>
						<include content="stars_selector_item">
							<param name="id" value="355" />
							<param name="up" value="1307" />
							<param name="down" value="1309" />
							<param name="label" value="5,0 - 5,9" />
							<param name="set" value="59" />
							<param name="starnofocus" value="1.0" />
							<param name="starfocus" value="5.5" />
						</include>
					</control>
					<control type="group" id="1309">
						<orientation>horizontal</orientation>
						<width>1470</width>
						<height>60</height>
						<include content="stars_selector_item">
							<param name="id" value="356" />
							<param name="up" value="1308" />
							<param name="down" value="1310" />
							<param name="label" value="6,0 - 6,9" />
							<param name="set" value="69" />
							<param name="starnofocus" value="1.0" />
							<param name="starfocus" value="6.5" />
						</include>
					</control>
					<control type="group" id="1310">
						<orientation>horizontal</orientation>
						<width>1470</width>
						<height>60</height>
						<include content="stars_selector_item">
							<param name="id" value="357" />
							<param name="up" value="1309" />
							<param name="down" value="1311" />
							<param name="label" value="7,0 - 7,9" />
							<param name="set" value="79" />
							<param name="starnofocus" value="1.0" />
							<param name="starfocus" value="7.5" />
						</include>
					</control>
					<control type="group" id="1311">
						<orientation>horizontal</orientation>
						<width>1470</width>
						<height>60</height>
						<include content="stars_selector_item">
							<param name="id" value="358" />
							<param name="up" value="1310" />
							<param name="down" value="1312" />
							<param name="label" value="8,0 - 8,9" />
							<param name="set" value="89" />
							<param name="starnofocus" value="1.0" />
							<param name="starfocus" value="8.5" />
						</include>
					</control>
					<control type="group" id="1312">
						<orientation>horizontal</orientation>
						<width>1470</width>
						<height>60</height>
						<include content="stars_selector_item">
							<param name="id" value="359" />
							<param name="up" value="1311" />
							<param name="down" value="1301" />
							<param name="label" value="9,0 - 10" />
							<param name="set" value="100" />
							<param name="starnofocus" value="1.0" />
							<param name="starfocus" value="9.5" />
						</include>
					</control>
				</control>
			</control>
			<control type="group">
				<visible>String.IsEqual(Window.Property(settings_view),colors)</visible>
				<control type="grouplist" id="1400">
					<left>450</left>
					<top>180</top>
					<width>1470</width>
					<height>840</height>				
					<onleft>9000</onleft>
					<onup>1400</onup>
					<ondown>1400</ondown>
					<control type="button" id="1401">
						<label>$LOCALIZE[31687] - $LOCALIZE[31599]</label>
						<texturefocus colordiffuse="ffdaa520">white.png</texturefocus>
						<onclick>Skin.SetString(label_color_base,dark)</onclick>
						<onclick>Skin.SetString(label_color_highlight,light)</onclick>
						<onclick>Skin.SetString(texture_color_base,dark)</onclick>						
						<onclick>Skin.SetString(texture_color_highlight,light)</onclick>
						<onclick>Skin.SetString(header_color,header)</onclick>
						<onclick>Skin.SetString(view_tech_color_base,dark)</onclick>						
						<onclick>SetFocus(9000)</onclick>
						<onclick>Notification($LOCALIZE[31656],$LOCALIZE[31237])</onclick>
					</control>	
					<control type="radiobutton" id="1402">
						<label>$LOCALIZE[31888] ($LOCALIZE[31880])</label>
						<onclick condition="!String.IsEqual(skin.string(label_color_base),dark)">Skin.SetString(label_color_base,dark)</onclick>
						<onclick condition="!String.IsEqual(skin.string(label_color_base),dark)">Skin.SetString(label_color_highlight,light)</onclick>
						<onclick condition="!String.IsEqual(skin.string(texture_color_base),dark)">Skin.SetString(texture_color_base,dark)</onclick>						
						<onclick condition="!String.IsEqual(skin.string(texture_color_base),dark)">Skin.SetString(texture_color_highlight,light)</onclick>
						<onclick condition="!String.IsEqual(skin.string(texture_color_base),dark)">Skin.SetString(view_tech_color_base,dark)</onclick>
						<onclick condition="String.IsEqual(skin.string(label_color_base),dark)">Skin.SetString(label_color_base,light)</onclick>
						<onclick condition="String.IsEqual(skin.string(label_color_base),dark)">Skin.SetString(label_color_highlight,dark)</onclick>						
						<onclick condition="String.IsEqual(skin.string(texture_color_base),dark)">Skin.SetString(texture_color_base,light)</onclick>
						<onclick condition="String.IsEqual(skin.string(texture_color_base),dark)">Skin.SetString(texture_color_highlight,dark)</onclick>
						<onclick condition="String.IsEqual(skin.string(texture_color_base),dark)">Skin.SetString(view_tech_color_base,light)</onclick>
						<selected>String.IsEqual(skin.string(texture_color_base),dark)</selected>
					</control>	
					<control type="button" id="1403">
						<label>$LOCALIZE[31139] - $LOCALIZE[31681]</label>
						<onclick>RunScript(script.skin.helper.colorpicker,skinstring=label_color_highlight)</onclick>
						<onright>RunScript(script.skin.helper.colorpicker,skinstring=label_color_highlight)</onright>
						<enable>System.HasAddon(script.skin.helper.colorpicker)</enable>
					</control>	
					<control type="button" id="1404">
						<label>$LOCALIZE[31139] - $LOCALIZE[31682]</label>
						<onclick>RunScript(script.skin.helper.colorpicker,skinstring=label_color_base)</onclick>
						<onright>RunScript(script.skin.helper.colorpicker,skinstring=label_color_base)</onright>
						<enable>System.HasAddon(script.skin.helper.colorpicker)</enable>
					</control>
					<control type="button" id="1405">
						<label>$LOCALIZE[31684] - $LOCALIZE[31681]</label>
						<onclick>RunScript(script.skin.helper.colorpicker,skinstring=texture_color_base)</onclick>
						<onright>RunScript(script.skin.helper.colorpicker,skinstring=texture_color_base)</onright>
						<enable>System.HasAddon(script.skin.helper.colorpicker)</enable>
					</control>	
					<control type="button" id="1406">
						<label>$LOCALIZE[31684] - $LOCALIZE[31682]</label>
						<onclick>RunScript(script.skin.helper.colorpicker,skinstring=texture_color_highlight)</onclick>
						<onright>RunScript(script.skin.helper.colorpicker,skinstring=texture_color_highlight)</onright>
						<enable>System.HasAddon(script.skin.helper.colorpicker)</enable>
					</control>													
					<control type="button" id="1407">
						<label>31690</label>
						<onclick>RunScript(script.skin.helper.colorpicker,skinstring=header_color)</onclick>
						<onright>RunScript(script.skin.helper.colorpicker,skinstring=header_color)</onright>
						<enable>System.HasAddon(script.skin.helper.colorpicker)</enable>
					</control>				
				</control>
			</control>			
			<control type="group">
				<visible>String.IsEqual(Window.Property(settings_view),icons)</visible>
				<control type="grouplist" id="1500">
					<left>450</left>
					<top>180</top>
					<width>1470</width>
					<height>900</height>				
					<onleft>9000</onleft>
					<onright>85</onright>
					<onup>1500</onup>
					<ondown>1500</ondown>
					<pagecontrol>85</pagecontrol>
					<control type="button" id="1501">
						<label>31047</label>
						<label2>$INFO[skin.string(resource.images.studios.name)]</label2>
						<onclick>RunScript(script.image.resource.select,type=resource.images.studios&amp;property=resource.images.studios)</onclick>
					</control>					
					<control type="button" id="1502">
						<label>$LOCALIZE[31996]</label>
						<label2>$INFO[skin.string(resource.images.mpaa.name)]</label2>
						<onclick>RunScript(script.image.resource.select,type=resource.images.mpaa&amp;property=resource.images.mpaa)</onclick>
					</control>					
					<control type="button" id="1503">
						<label>$LOCALIZE[31262]</label>
						<label2>$INFO[skin.string(resource.images.mediatype.name)]</label2>
						<onclick>RunScript(script.image.resource.select,type=resource.images.mediatype&amp;property=resource.images.mediatype)</onclick>
					</control>					
					<control type="button" id="1504">
						<label>$LOCALIZE[21445]</label>
						<label2>$INFO[skin.string(resource.images.videocodec.name)]</label2>
						<onclick>RunScript(script.image.resource.select,type=resource.images.videocodec&amp;property=resource.images.videocodec)</onclick>
					</control>					
					<control type="button" id="1505">
						<label>$LOCALIZE[31416]</label>
						<label2>$INFO[skin.string(resource.images.extras.name)]</label2>
						<onclick>RunScript(script.image.resource.select,type=resource.images.extras&amp;property=resource.images.extras)</onclick>
					</control>					
					<control type="button" id="1506">
						<label>$LOCALIZE[21443]</label>
						<label2>$INFO[skin.string(resource.images.resolution.name)]</label2>
						<onclick>RunScript(script.image.resource.select,type=resource.images.resolution&amp;property=resource.images.resolution)</onclick>
					</control>					
					<control type="button" id="1507">
						<label>$LOCALIZE[21374]</label>
						<label2>$INFO[skin.string(resource.images.aspectratio.name)]</label2>
						<onclick>RunScript(script.image.resource.select,type=resource.images.aspectratio&amp;property=resource.images.aspectratio)</onclick>
					</control>					
					<control type="button" id="1508">
						<label>$LOCALIZE[21446]</label>
						<label2>$INFO[skin.string(resource.images.audiocodec.name)]</label2>
						<onclick>RunScript(script.image.resource.select,type=resource.images.audiocodec&amp;property=resource.images.audiocodec)</onclick>
					</control>					
					<control type="button" id="1509">
						<label>$LOCALIZE[21444]</label>
						<label2>$INFO[skin.string(resource.images.audiochannels.name)]</label2>
						<onclick>RunScript(script.image.resource.select,type=resource.images.audiochannels&amp;property=resource.images.audiochannels)</onclick>
					</control>					
					<control type="button" id="1510">
						<label>31729</label>
						<label2>$INFO[skin.string(resource.images.moviegenreicons.name)]</label2>
						<onclick>RunScript(script.image.resource.select,type=resource.images.moviegenreicons&amp;property=resource.images.moviegenreicons)</onclick>
					</control>				
					<control type="button" id="1511">
						<label>31730</label>
						<label2>$INFO[skin.string(resource.images.moviegenrefanart.name)]</label2>
						<onclick>RunScript(script.image.resource.select,type=resource.images.moviegenrefanart&amp;property=resource.images.moviegenrefanart)</onclick>
					</control>				
					<control type="button" id="1512">
						<label>31731</label>
						<label2>$INFO[skin.string(resource.images.tvshowgenrefanart.name)]</label2>
						<onclick>RunScript(script.image.resource.select,type=resource.images.tvshowgenrefanart&amp;property=resource.images.tvshowgenrefanart)</onclick>
					</control>					
					<control type="button" id="1513">
						<label>31732</label>
						<label2>$INFO[skin.string(resource.images.musicvideogenrefanart.name)]</label2>
						<onclick>RunScript(script.image.resource.select,type=resource.images.musicvideogenrefanart&amp;property=resource.images.musicvideogenrefanart)</onclick>
					</control>					
					<control type="button" id="1514">
						<label>31733</label>
						<label2>$INFO[skin.string(resource.images.musicgenreicons.name)]</label2>
						<onclick>RunScript(script.image.resource.select,type=resource.images.musicgenreicons&amp;property=resource.images.musicgenreicons)</onclick>
					</control>					
					<control type="button" id="1515">
						<label>31734</label>
						<label2>$INFO[skin.string(resource.images.musicgenrefanart.name)]</label2>
						<onclick>RunScript(script.image.resource.select,type=resource.images.musicgenrefanart&amp;property=resource.images.musicgenrefanart)</onclick>
					</control>					
					<control type="button" id="1516">
						<label>31735</label>
						<label2>$INFO[skin.string(resource.images.weathericons.name)]</label2>
						<onclick>RunScript(script.image.resource.select,type=resource.images.weathericons&amp;property=resource.images.weathericons)</onclick>
					</control>					
					<control type="button" id="1517">
						<label>31736</label>
						<label2>$INFO[skin.string(resource.images.weatherfanart.name)]</label2>
						<onclick>RunScript(script.image.resource.select,type=resource.images.weatherfanart&amp;property=resource.images.weatherfanart)</onclick>
					</control>
				</control>
				<include content="scroll_bar_vertical">
					<param name="id" value="85" />
					<param name="left" value="1875" />
					<param name="top" value="180" />
					<param name="height" value="900" />
					<param name="onleft" value="1500" />
					<param name="onright" value="1500" />
					<param name="hiddenfocus" value="false" />
					<param name="visible" value="true" />
				</include>	
			</control>
			<control type="group">
				<visible>String.IsEqual(Window.Property(settings_view),addons)</visible>
				<control type="grouplist" id="1600">
					<left>450</left>
					<top>180</top>
					<width>1470</width>
					<height>720</height>				
					<onleft>9000</onleft>
					<onright>86</onright>
					<onup>1600</onup>
					<ondown>1600</ondown>
					<pagecontrol>86</pagecontrol>
					<control type="button" id="1601">
						<label>31549</label>
						<onclick condition="!System.HasAddon(resource.uisounds.aeonmq6)">InstallAddon(resource.uisounds.aeonmq6)</onclick>
						<onclick condition="!System.HasAddon(script.artistslideshow)">InstallAddon(script.artistslideshow)</onclick>
						<onclick condition="!System.HasAddon(script.cu.lrclyrics)">InstallAddon(script.cu.lrclyrics)</onclick>
						<onclick condition="!System.HasAddon(script.extendedinfo)">InstallAddon(script.extendedinfo)</onclick>					
						<onclick condition="!System.HasAddon(script.favourites)">InstallAddon(script.favourites)</onclick>
						<onclick condition="!System.HasAddon(script.globalsearch)">InstallAddon(script.globalsearch)</onclick>
						<onclick condition="!System.HasAddon(script.image.resource.select)">InstallAddon(script.image.resource.select)</onclick>						
						<onclick condition="!System.HasAddon(service.upnext)">InstallAddon(service.upnext)</onclick>						
						<onclick condition="!System.HasAddon(resource.images.moviegenreicons.xzener-flat)">InstallAddon(resource.images.moviegenreicons.xzener-flat)</onclick>
						<onclick condition="!System.HasAddon(resource.images.musicgenreicons.text)">InstallAddon(resource.images.musicgenreicons.text)</onclick>
						<onclick condition="!System.HasAddon(script.randomandlastitems)">InstallAddon(script.randomandlastitems)</onclick>						
						<onclick condition="!System.HasAddon(script.games.rom.collection.browser)">InstallAddon(script.games.rom.collection.browser)</onclick>						
						<onclick condition="!System.HasAddon(script.skin.helper.colorpicker)">InstallAddon(script.skin.helper.colorpicker)</onclick>
						<onclick condition="!System.HasAddon(script.skin.helper.skinbackup)">InstallAddon(script.skin.helper.skinbackup)</onclick>
						<onclick condition="!System.HasAddon(script.skin.helper.widgets)">InstallAddon(script.skin.helper.widgets)</onclick>												
						<onclick condition="!System.HasAddon(script.tv.show.next.aired)">InstallAddon(script.tv.show.next.aired)</onclick>
						<onclick condition="!System.HasAddon(resource.images.weathericons.animated)">InstallAddon(resource.images.weathericons.animated)</onclick>	
						<onclick condition="!System.HasAddon(plugin.video.netflix)">InstallAddon(plugin.video.netflix)</onclick>						
						<onclick condition="!System.HasAddon(plugin.program.super.favourites)">InstallAddon(plugin.program.super.favourites)</onclick>
					</control>
					<include content="addons_manager">
						<param name="id" value="1602" />
						<param name="label" value="Aeon MQ UI Sounds" />
						<param name="addon" value="resource.uisounds.aeonmq6" />
					</include>
					<include content="addons_manager">
						<param name="id" value="1603" />
						<param name="label" value="Artist Slideshow" />
						<param name="addon" value="script.artistslideshow" />
					</include>
					<include content="addons_manager">
						<param name="id" value="1604" />
						<param name="label" value="CU LRC lyrics" />
						<param name="addon" value="script.cu.lrclyrics" />
					</include>
					<include content="addons_manager">
						<param name="id" value="1605" />
						<param name="label" value="ExtendedInfo Script" />
						<param name="addon" value="script.extendedinfo" />
					</include>
					<include content="addons_manager">
						<param name="id" value="1606" />
						<param name="label" value="Favourites script" />
						<param name="addon" value="script.favourites" />
					</include>					
					<include content="addons_manager">
						<param name="id" value="1607" />
						<param name="label" value="Global Search" />
						<param name="addon" value="script.globalsearch" />
					</include>					
					<include content="addons_manager">
						<param name="id" value="1608" />
						<param name="label" value="Image Resource Select Addon" />
						<param name="addon" value="script.image.resource.select" />
					</include>
					<include content="addons_manager">
						<param name="id" value="1609" />
						<param name="label" value="Library Data Provider" />
						<param name="addon" value="service.library.data.provider" />
					</include>
					<include content="addons_manager">
						<param name="id" value="1610" />
						<param name="label" value="Up Next" />
						<param name="addon" value="service.upnext" />
					</include>
					<include content="addons_manager">
						<param name="id" value="1611" />
						<param name="label" value="Movie Genre Icons - Xzener's Flat Icons" />
						<param name="addon" value="resource.images.moviegenreicons.xzener-flat" />
					</include>
					<include content="addons_manager">
						<param name="id" value="1612" />
						<param name="label" value="Music Genre Icons - Text" />
						<param name="addon" value="resource.images.musicgenreicons.text" />
					</include>
					<include content="addons_manager">
						<param name="id" value="1613" />
						<param name="label" value="Random and Last items script" />
						<param name="addon" value="script.randomandlastitems" />
					</include>
					<include content="addons_manager">
						<param name="id" value="1614" />
						<param name="label" value="Rom Collection Browser" />
						<param name="addon" value="script.games.rom.collection.browser" />
					</include>
					<include content="addons_manager">
						<param name="id" value="1615" />
						<param name="label" value="Skin Helper Service" />
						<param name="addon" value="script.skin.helper.service" />
					</include>
					<include content="addons_manager">
						<param name="id" value="1616" />
						<param name="label" value="Skin Helper Service ColorPicker" />
						<param name="addon" value="script.skin.helper.colorpicker" />
					</include>
					<include content="addons_manager">
						<param name="id" value="1617" />
						<param name="label" value="Skin Helper Service Skin Backup" />
						<param name="addon" value="script.skin.helper.skinbackup" />
					</include>
					<include content="addons_manager">
						<param name="id" value="1618" />
						<param name="label" value="Skin Helper Service Widgets" />
						<param name="addon" value="script.skin.helper.widgets" />
					</include>					
					<include content="addons_manager">
						<param name="id" value="1619" />
						<param name="label" value="TV Show - Next Aired" />
						<param name="addon" value="script.tv.show.next.aired" />
					</include>
					<include content="addons_manager">
						<param name="id" value="1620" />
						<param name="label" value="Weather Icons - Animated" />
						<param name="addon" value="resource.images.weathericons.animated" />
					</include>
					<include content="addons_manager">
						<param name="id" value="1621" />
						<param name="label" value="Netflix" />
						<param name="addon" value="plugin.video.netflix" />
					</include>	
					<include content="addons_manager">
						<param name="id" value="1622" />
						<param name="label" value="AutoCompletion for virtual keyboard" />
						<param name="addon" value="plugin.program.autocompletion" />
					</include>	
					<include content="addons_manager">
						<param name="id" value="1623" />
						<param name="label" value="Super Favourites" />
						<param name="addon" value="plugin.program.super.favourites" />
					</include>						
				</control>
				<include content="scroll_bar_vertical">
					<param name="id" value="86" />
					<param name="left" value="1875" />
					<param name="top" value="180" />
					<param name="height" value="720" />
					<param name="onleft" value="1600" />
					<param name="onright" value="1600" />
					<param name="hiddenfocus" value="false" />
					<param name="visible" value="true" />
				</include>	
				<include content="settings_floor_info">
					<param name="id" value="0" />
					<param name="width" value="1370" />
					<param name="label" value="$VAR[addon_description]" />
					<param name="visible" value="ControlGroup(1600).HasFocus" />
				</include>
			</control>
			<control type="group">
				<visible>String.IsEqual(Window.Property(settings_view),disc)</visible>
				<control type="grouplist" id="1700">
					<left>450</left>
					<top>180</top>
					<width>1470</width>
					<height>780</height>				
					<onleft>9000</onleft>
					<onright>1706</onright>
					<onup>1700</onup>
					<ondown>1700</ondown>
					<control type="button" id="1701">
						<label>$LOCALIZE[31687] - $LOCALIZE[31599]</label>
						<texturefocus colordiffuse="ffdaa520">white.png</texturefocus>
						<onclick>Skin.SetString(disc_audio,0)</onclick>
						<onclick>Skin.SetString(disc_video,0)</onclick>
						<onclick>Skin.SetString(cdart_seconds,4000)</onclick>
						<onclick>SetFocus(9000)</onclick>
						<onclick>Notification($LOCALIZE[31656],$LOCALIZE[31237])</onclick>
					</control>					
					<control type="button" id="1702">
						<label>$LOCALIZE[31116]</label>
						<label2>$VAR[cdart_seconds]</label2>
						<onclick condition="String.IsEqual(skin.string(cdart_seconds),2000)">Skin.SetString(cdart_seconds,20000)</onclick>
						<onclick condition="String.IsEqual(skin.string(cdart_seconds),20000)">Skin.SetString(cdart_seconds,16000)</onclick>
						<onclick condition="String.IsEqual(skin.string(cdart_seconds),16000)">Skin.SetString(cdart_seconds,8000)</onclick>
						<onclick condition="String.IsEqual(skin.string(cdart_seconds),8000)">Skin.SetString(cdart_seconds,4000)</onclick>
						<onclick condition="String.IsEqual(skin.string(cdart_seconds),4000)">Skin.SetString(cdart_seconds,2000)</onclick>
					</control>					
					<control type="button" id="1703">
						<label>$LOCALIZE[31828] - $LOCALIZE[31978]: [COLOR=$INFO[skin.string(header_color)]]$INFO[skin.string(custom_audio_disc)][/COLOR]</label>
						<onclick>Skin.SetImage(custom_audio_disc)</onclick>
						<visible>Container(1706).HasFocus(1)</visible>
					</control>
					<control type="button" id="1704">
						<label>$LOCALIZE[31828] - $LOCALIZE[31979]: [COLOR=$INFO[skin.string(header_color)]]$INFO[skin.string(custom_video_disc)][/COLOR]</label>
						<onclick>Skin.SetImage(custom_video_disc)</onclick>
						<visible>Container(1706).HasFocus(2)</visible>
					</control>				
					<control type="group" id="1705">
						<control type="image">
							<left>310</left>
							<top>160</top>
							<width>75</width>
							<height>150</height>
							<texture flipx="true" colordiffuse="$INFO[skin.string(texture_color_highlight)]">arrow_settings.png</texture>
							<animation effect="slide" start="150,0" end="0,0" time="600" tween="back" easing="out" condition="true">Visible</animation>
							<animation effect="fade" start="40" end="20" time="700" pulse="true" condition="true">Conditional</animation>
							<visible>Control.HasFocus(1706)</visible>
						</control>
						<control type="image">
							<left>1086</left>
							<top>160</top>
							<width>75</width>
							<height>150</height>
							<texture colordiffuse="$INFO[skin.string(texture_color_highlight)]">arrow_settings.png</texture>
							<animation effect="slide" start="-150,0" end="0,0" time="600" tween="back" easing="out" condition="true">Visible</animation>
							<animation effect="fade" start="40" end="20" time="700" pulse="true" condition="true">Conditional</animation>
							<visible>Control.HasFocus(1706)</visible>
						</control>
						<control type="image" id="17060">
							<include>invisible_image</include>
							<animation effect="fade" end="100" time="300">Visible</animation>
							<visible>![Container(1706).OnNext | Container(1706).OnPrevious]</visible>
						</control>	
						<control type="wraplist" id="1706">
							<left>517</left>
							<top>20</top>
							<height>450</height>
							<width>400</width>
							<onup condition="Container(1706).HasFocus(1)">1703</onup>
							<onup condition="Container(1706).HasFocus(2)">1704</onup>
							<ondown condition="Container(1706).HasFocus(1)">Skin.SetString(custom_disc,disc_audio)</ondown>
							<ondown condition="Container(1706).HasFocus(2)">Skin.SetString(custom_disc,disc_video)</ondown>
							<ondown>1707</ondown>
							<onleft>1706</onleft>
							<onright>1706</onright>							
							<orientation>horizontal</orientation>
							<scrolltime tween="back" easing="out">500</scrolltime>							
							<itemlayout width="900" height="450">
							</itemlayout>
							<focusedlayout width="900" height="450">
								<control type="label">
									<left>57</left>
									<top>390</top>
									<width>315</width>
									<height>30</height>
									<align>center</align>
									<label>$INFO[ListItem.Label]</label>
								</control>
								<control type="group">
									<animation effect="slide" start="0,0" end="168,0" time="800" delay="300" tween="sine" easing="inout" condition="Control.Hasfocus(1702) | Control.Hasfocus(1707)">Conditional</animation>
									<control type="image">									
										<left>57</left>
										<top>56</top>
										<width>315</width>
										<height>315</height>
										<fadetime>common_fade_time</fadetime>
										<aspectratio align="center" aligny="center">keep</aspectratio>
										<texture>$INFO[ListItem.Icon]</texture>	
										<include>animation_cdart</include>
										<animation effect="fade" start="0" end="100" time="200" delay="500">Visible</animation>									
										<visible>String.IsEqual(Window.Property(settings_view),disc) + Container(1706).HasFocus(1) + Control.IsVisible(17060)</visible>
									</control>
								</control>
								<control type="group">
									<visible>Container(1706).HasFocus(1)</visible>
									<control type="image">
										<left>52</left>
										<top>48</top>
										<width>330</width>
										<height>330</height>
										<texture colordiffuse="$INFO[skin.string(texture_color_base)]">white.png</texture>
									</control>
									<control type="image">
										<left>52</left>
										<top>48</top>
										<width>330</width>
										<height>330</height>
										<aspectratio align="center" aligny="bottom">keep</aspectratio>
										<texture>DefaultAudio.png</texture>										
									</control>
									<control type="image">
										<left>0</left>
										<top>42</top>
										<width>396</width>
										<height>350</height>
										<texture>thumb_box_cd.png</texture>
									</control>
								</control>
								<control type="group">
									<animation effect="slide" start="0,0" end="111,0" time="800" delay="300" tween="sine" easing="inout" condition="Control.Hasfocus(1702) | Control.Hasfocus(1707)">Conditional</animation>
									<control type="image">									
										<left>108</left>
										<top>60</top>
										<width>225</width>
										<height>225</height>
										<fadetime>common_fade_time</fadetime>
										<aspectratio align="center" aligny="center">keep</aspectratio>
										<texture>$INFO[ListItem.Icon]</texture>									
										<include>animation_cdart</include>
										<animation effect="fade" start="0" end="100" time="200" delay="500">Visible</animation>
										<visible>String.IsEqual(Window.Property(settings_view),disc) + Container(1706).HasFocus(2) + Control.IsVisible(17060)</visible>
									</control>
								</control>
								<control type="group">
									<visible>Container(1706).HasFocus(2)</visible>
									<control type="image">
										<left>96</left>
										<top>48</top>
										<width>234</width>
										<height>330</height>
										<texture colordiffuse="$INFO[skin.string(texture_color_base)]">white.png</texture>
									</control>
									<control type="image">
										<left>96</left>
										<top>96</top>
										<width>234</width>
										<height>234</height>
										<texture>DefaultVideoPoster.png</texture>
										<visible>Container(1706).HasFocus(2)</visible>
									</control>
									<control type="image">
										<left>75</left>
										<top>-11</top>
										<width>290</width>
										<height>422</height>
										<aspectratio align="center" aligny="bottom">stretch</aspectratio>
										<texture colordiffuse="cc007399">thumb_box_default.png</texture>				
									</control>
								</control>
							</focusedlayout>
							<content>
								<item id="1">								
									<label>31978</label>
									<icon>$VAR[disc_audio_layout]</icon>
									<onclick>Skin.SetString(custom_disc,disc_audio)</onclick>
									<onclick>SetFocus(1706)</onclick>
								</item>
								<item id="2">								
									<label>31979</label>
									<icon>$VAR[disc_video_layout]</icon>
									<onclick>Skin.SetString(custom_disc,disc_video)</onclick>
									<onclick>SetFocus(1706)</onclick>
								</item>
							</content>
						</control>
					</control>
				</control>						
				<control type="group">				
					<left>450</left>
					<top>899</top>
					<control type="label">
						<top>-40</top>
						<width>1470</width>
						<height>30</height>
						<align>center</align>
						<label>31624</label>
						<visible>Control.Hasfocus(1707)</visible>
					</control>
					<control type="image">
						<left>5</left>
						<width>1461</width>
						<height>160</height>
						<texture colordiffuse="$INFO[skin.string(texture_color_base)]">floor_info_back.png</texture>
					</control>
					<control type="image">
						<left>5</left>
						<width>1461</width>
						<height>159</height>
						<texture>floor_info_border.png</texture>
					</control>				
					<control type="list" id="1707">
						<left>79</left>
						<top>15</top>
						<width>1600</width>
						<height>200</height>
						<onup>1706</onup>
						<ondown>1701</ondown>
						<orientation>horizontal</orientation>
						<itemlayout width="218" height="130">
							<control type="image">
								<left>56</left>
								<top>13</top>
								<height>105</height>
								<width>105</width>
								<texture>$INFO[ListItem.Icon]</texture>
								<aspectratio align="center" aligny="center">keep</aspectratio>
							</control>
						</itemlayout>
						<focusedlayout width="218" height="130">
							<control type="image">
								<width>100%</width>
								<height>100%</height>
								<texture colordiffuse="$INFO[skin.string(texture_color_highlight)]">white80.png</texture>
								<visible>Control.HasFocus(1707)</visible>
							</control>
							<control type="image">
								<left>56</left>
								<top>13</top>
								<height>105</height>
								<width>105</width>
								<texture>$INFO[ListItem.Icon]</texture>
								<aspectratio align="center" aligny="center">keep</aspectratio>
								<animation type="Focus" reversible="false">
									<effect type="zoom" center="auto" start="60" end="110" time="400" tween="back" easing="out" />
									<effect type="rotate" end="-360" center="auto" time="4000" loop="true" />
								</animation>								
							</control>
						</focusedlayout>
						<content>
							<item id="1">
								<label></label>
								<icon>cdart_1.png</icon>
								<onclick>Skin.SetString($INFO[skin.string(custom_disc)],1)</onclick>
							</item>
							<item id="2">
								<label></label>
								<icon>cdart_2.png</icon>
								<onclick>Skin.SetString($INFO[skin.string(custom_disc)],2)</onclick>
							</item>
							<item id="3">
								<label></label>
								<icon>cdart_3.png</icon>
								<onclick>Skin.SetString($INFO[skin.string(custom_disc)],3)</onclick>
							</item>
							<item id="4">
								<label></label>
								<icon>cdart_4.png</icon>
								<onclick>Skin.SetString($INFO[skin.string(custom_disc)],4)</onclick>
							</item>
							<item id="5">
								<label></label>
								<icon>cdart_5.png</icon>
								<onclick>Skin.SetString($INFO[skin.string(custom_disc)],5)</onclick>
							</item>
							<item id="6">
								<label></label>
								<icon fallback="cdart_diffuse.png">$VAR[my_disc]</icon>
								<onclick condition="Container(1706).HasFocus(1) + !String.IsEmpty(skin.string(custom_audio_disc))">Skin.SetString($INFO[skin.string(custom_disc)],6)</onclick>
								<onclick condition="Container(1706).HasFocus(1) + String.IsEmpty(skin.string(custom_audio_disc))">SetFocus(1603)</onclick>
								<onclick condition="Container(1706).HasFocus(2) + !String.IsEmpty(skin.string(custom_video_disc))">Skin.SetString($INFO[skin.string(custom_disc)],6)</onclick>
								<onclick condition="Container(1706).HasFocus(2) + String.IsEmpty(skin.string(custom_video_disc))">SetFocus(1604)</onclick>
							</item>
						</content>
					</control>
				</control>
			</control>
			<control type="group">
				<visible>String.IsEqual(Window.Property(settings_view),global)</visible>
				<control type="grouplist" id="1800">
					<left>450</left>
					<top>180</top>
					<width>1470</width>
					<height>900</height>				
					<onleft>9000</onleft>
					<onup>1800</onup>
					<ondown>1800</ondown>
					<control type="button" id="1801">					
						<label>$LOCALIZE[31687] - $LOCALIZE[31599]</label>
						<texturefocus colordiffuse="ffdaa520">white.png</texturefocus>
						<onclick>Skin.Reset(kiosk)</onclick>
						<onclick>Skin.Reset(kiosk_code)</onclick>
						<onclick>Skin.Reset(kiosk_info)</onclick>
						<onclick>Skin.Reset(start_play)</onclick>
						<onclick>Skin.Reset(allow_scroll_off)</onclick>
						<onclick>Skin.Reset(goto_fullscreen)</onclick>						
						<onclick>Skin.Reset(touch_screen)</onclick>						
						<onclick>SetFocus(9000)</onclick>
						<onclick>Notification($LOCALIZE[31656],$LOCALIZE[31237])</onclick>
					</control>					
					<control type="radiobutton" id="1802">
						<label>31601</label>
						<onclick>Skin.ToggleSetting(kiosk)</onclick>
						<onclick>Skin.Reset(kiosk_code)</onclick>
						<selected>Skin.HasSetting(kiosk)</selected>
					</control>
					<control type="radiobutton" id="1804">
						<label>31603</label>
						<onclick>Skin.ToggleSetting(kiosk_code)</onclick>
						<onclick>Skin.Reset(kiosk)</onclick>
						<selected>Skin.HasSetting(kiosk_code)</selected>
					</control>
					<control type="radiobutton" id="1805">
						<label>31602</label>
						<onclick>Skin.ToggleSetting(kiosk_info)</onclick>
						<selected>Skin.HasSetting(kiosk_info)</selected>
					</control>
					<control type="radiobutton" id="1806">
						<label>31531</label>
						<onclick>Skin.ToggleSetting(startup_intro)</onclick>
						<selected>Skin.HasSetting(startup_intro)</selected>
					</control>
					<control type="button" id="1807">
						<label>31532</label>
						<label2>$INFO[skin.string(startup_intro_path)]</label2>
						<onclick>Skin.SetFile(startup_intro_path)</onclick>
						<enable>Skin.HasSetting(startup_intro)</enable>
					</control>
					<control type="radiobutton" id="1808">
						<label>31535</label>
						<onclick>Skin.ToggleSetting(allow_scroll_off)</onclick>
						<selected>!Skin.HasSetting(allow_scroll_off)</selected>
					</control>
					<control type="radiobutton" id="1809">
						<label>31050</label>
						<onclick>Skin.ToggleSetting(goto_fullscreen)</onclick>
						<selected>Skin.HasSetting(goto_fullscreen)</selected>
					</control>						
					<control type="radiobutton" id="1810">
						<label>31693</label>
						<onclick>Skin.ToggleSetting(touch_screen)</onclick>
						<selected>Skin.HasSetting(touch_screen)</selected>
					</control>
					<control type="button" id="1811">
						<label>$LOCALIZE[31177] - $LOCALIZE[31143]</label>
						<onclick>ActivateWindowAndFocus(SystemSettings, -96,0, -78,0)</onclick>
					</control>
				</control>
			</control>
			<control type="group">
				<visible>String.IsEqual(Window.Property(settings_view),reset)</visible>
				<control type="grouplist" id="1900">
					<left>450</left>
					<top>180</top>
					<width>1470</width>
					<height>780</height>				
					<onleft>9000</onleft>
					<onup>1900</onup>
					<ondown>1900</ondown>
					<control type="button" id="1901">
						<label>$LOCALIZE[31187] - $LOCALIZE[31599]</label>
						<texturefocus colordiffuse="ffdaa520">white.png</texturefocus>
						<onclick>SetProperty(reset_partial,true,home)</onclick>
						<onclick>ReplaceWindow(1163)</onclick>
					</control>					
					<control type="button" id="1902">
						<label>31622</label>
						<onclick>RunScript(script.skin.helper.skinbackup,action=backup)</onclick>
						<enable>System.HasAddon(script.skin.helper.skinbackup)</enable>
					</control>					
					<control type="button" id="1903">
						<label>31623</label>
						<onclick>RunScript(script.skin.helper.skinbackup,action=restore)</onclick>
						<enable>System.HasAddon(script.skin.helper.skinbackup)</enable>
					</control>					
					<control type="radiobutton" id="1904">
						<label>31447</label>
						<onleft>9000</onleft>
						<onup>9000</onup>
						<ondown>1153</ondown>
						<onclick>Skin.ToggleSetting(reset_mode)</onclick>
						<selected>Skin.HasSetting(reset_mode)</selected>
					</control>					
					<control type="button" id="1905">
						<label>$LOCALIZE[31421] - $LOCALIZE[31599]</label>
						<focusedcolor>light</focusedcolor>
						<texturefocus colordiffuse="disable">white.png</texturefocus>
						<onleft>9000</onleft>
						<onleft>Skin.Reset(reset_mode)</onleft>
						<onright>9000</onright>
						<onright>Skin.Reset(reset_mode)</onright>
						<onclick>Skin.ResetSettings</onclick>
						<onclick>ActivateWindow(1163)</onclick>
						<visible>Skin.HasSetting(reset_mode)</visible>
					</control>
				</control>
			</control>
			<include content="settings_floor_info">
				<param name="id" value="0" />
				<param name="width" value="1370" />
				<param name="label" value="$VAR[settings_reset_description]" />
				<param name="visible" value="ControlGroup(1900).HasFocus" />
			</include>
			<include content="settings_left_title">
				<param name="label" value="31202" />
			</include>
			<control type="grouplist" id="9000">
				<top>180</top>
				<width>450</width>
				<onup>9000</onup>
				<ondown>9000</ondown>
				<control type="button" id="9001">
					<width>450</width>
					<label>31410</label>
					<onright>SetFocus(1000)</onright>
					<onclick>SetFocus(1000)</onclick>
					<onfocus>SetProperty(settings_view,mainmenu)</onfocus>
				</control>
				<control type="button" id="9002">
					<width>450</width>
					<label>31327</label>
					<onright>SetFocus(1100)</onright>
					<onclick>SetFocus(1100)</onclick>
					<onfocus>SetProperty(settings_view,backgrounds)</onfocus>
				</control>
				<control type="button" id="9003">
					<width>450</width>
					<label>31409</label>
					<onright>SetFocus(1200)</onright>
					<onclick>SetFocus(1200)</onclick>
					<onfocus>SetProperty(settings_view,art)</onfocus>
				</control>
				<control type="button" id="9004">
					<width>450</width>
					<label>31132</label>
					<onright condition="!System.HasAddon(script.skin.helper.colorpicker)">InstallAddon(script.skin.helper.colorpicker)</onright>
					<onright>SetFocus(1300)</onright>
					<onclick condition="!System.HasAddon(script.skin.helper.colorpicker)">InstallAddon(script.skin.helper.colorpicker)</onclick>
					<onclick>SetFocus(1300)</onclick>
					<onfocus>SetProperty(settings_view,stars)</onfocus>
				</control>
				<control type="button" id="9005">
					<width>450</width>
					<label>31404</label>
					<onright condition="!System.HasAddon(script.skin.helper.colorpicker)">InstallAddon(script.skin.helper.colorpicker)</onright>
					<onright>SetFocus(1400)</onright>
					<onclick condition="!System.HasAddon(script.skin.helper.colorpicker)">InstallAddon(script.skin.helper.colorpicker)</onclick>
					<onclick>SetFocus(1400)</onclick>
					<onfocus>SetProperty(settings_view,colors)</onfocus>
				</control>
				<control type="button" id="9006">
					<width>450</width>
					<label>31402</label>
					<onright condition="!System.HasAddon(script.image.resource.select)">InstallAddon(script.image.resource.select)</onright>
					<onright>SetFocus(1500)</onright>
					<onclick condition="!System.HasAddon(script.image.resource.select)">InstallAddon(script.image.resource.select)</onclick>
					<onclick>SetFocus(1500)</onclick>
					<onfocus>SetProperty(settings_view,icons)</onfocus>
				</control>
				<control type="button" id="9007">
					<width>450</width>
					<label>31363</label>
					<onright>SetFocus(1600)</onright>
					<onclick>SetFocus(1600)</onclick>
					<onfocus>SetProperty(settings_view,addons)</onfocus>
				</control>
				<control type="button" id="9008">
					<width>450</width>
					<label>31096</label>
					<onright>SetFocus(1706)</onright>
					<onclick>SetFocus(1706)</onclick>
					<onfocus>SetProperty(settings_view,disc)</onfocus>
				</control>
				<control type="button" id="9009">
					<width>450</width>
					<label>31375</label>
					<onright>SetFocus(1800)</onright>
					<onclick>SetFocus(1800)</onclick>
					<onfocus>SetProperty(settings_view,global)</onfocus>
				</control>
				<control type="button" id="9010">
					<width>450</width>
					<label>31450</label>
					<onright condition="!System.HasAddon(script.skin.helper.skinbackup)">InstallAddon(script.skin.helper.skinbackup)</onright>
					<onright>SetFocus(1900)</onright>
					<onclick condition="!System.HasAddon(script.skin.helper.skinbackup)">InstallAddon(script.skin.helper.skinbackup)</onclick>
					<onclick>SetFocus(1900)</onclick>
					<onfocus>SetProperty(settings_view,reset)</onfocus>
				</control>			
			</control>
		</control>
		<include>mask_background</include>
	</controls>
</window>