<?xml version="1.0" encoding="UTF-8"?>
<includes><!-- Ace 2 -->
	<include name="view_tech">
		<control type="group">
			<animation effect="fade" time="400">VisibleChange</animation>
			<visible>Control.IsVisible(68)</visible>
			<control type="image">
				<left>-5</left>
				<top>-5</top>
				<width>1930</width>
				<height>1090</height>
				<texture colordiffuse="$INFO[skin.string(texture_color_base)]">view_vignette.png</texture>
			</control>	
			<control type="fixedlist" id="68">
				<viewtype label="31824">list</viewtype>
				<left>10</left>
				<top>60</top>
				<width>1480</width>
				<height>380</height>					
				<onleft>80</onleft>
				<onright>9920</onright>					
				<pagecontrol>80</pagecontrol>
				<animation effect="slide" start="0,0" end="45,0" time="150" easing="inout" tween="sine" condition="Control.HasFocus(80)">Conditional</animation>
				<visible>!Window.IsActive(pictures)</visible>
				<itemlayout height="50">
					<control type="group">
						<animation effect="fade" end="50" condition="true">Conditional</animation>
						<visible>!Container(68).Row(1)</visible>
						<control type="label">
							<left>50</left>
							<width>700</width>
							<height>50</height>	
							<label>$VAR[media_title]</label>
							<font>font_listboldsmall</font>
							<scroll>false</scroll>
						</control>					
						<include content="media_overlays">
							<param name="left" value="0" />
							<param name="top" value="0" />
							<param name="size" value="45" />
							<param name="visible" value="true" />
						</include>
					</control>
				</itemlayout>
				<focusedlayout height="140">
					<control type="group">
						<animation effect="slide" start="0,0" end="0,-50" time="0" condition="Container(68).Row(1)">Conditional</animation>
						<control type="label">
							<left>50</left>
							<width>1480</width>
							<height>50</height>
							<label>$VAR[media_title]</label>
							<font>font_viewtitle</font>							
						</control>
						<control type="label">
							<left>50</left>
							<top>63</top>
							<width>1480</width>
							<height>60</height>	
							<aligny>top</aligny>						
							<label>$VAR[media_list_info_focus]</label>
							<font>font_plot</font>
							<visible>!ListItem.IsParentFolder</visible>
						</control>					
						<include content="media_overlays">
							<param name="left" value="0" />
							<param name="top" value="5" />
							<param name="size" value="45" />
							<param name="visible" value="true" />
						</include>
					</control>
				</focusedlayout>				
			</control>
			<control type="label" id="6801">
				<include>invisible_label</include>
				<label>$VAR[media_list_info_focus]</label>
			</control>					
			<control type="image" id="6804">
				<include>invisible_image</include>
				<texture background="true">$VAR[media_landscape]</texture>									
				<visible>Window.IsActive(videos) + !ListItem.IsParentFolder</visible>
			</control>
			<control type="image" id="6805">
				<include>invisible_image</include>
				<texture background="true">$VAR[media_art]</texture>									
				<visible>!ListItem.IsParentFolder</visible>
			</control>
			<control type="image" id="6806">
				<include>invisible_image</include>
				<texture background="true">$VAR[media_banner]</texture>									
				<visible>Window.IsActive(videos) + !ListItem.IsParentFolder</visible>
			</control>
			<control type="image" id="6807">
				<include>invisible_image</include>
				<texture background="true">$VAR[media_characterart]</texture>									
				<visible>Window.IsActive(videos) + !ListItem.IsParentFolder</visible>
			</control>
			<include content="scroll_bar_vertical">
				<param name="id" value="80" />
				<param name="left" value="10" />
				<param name="top" value="60" />
				<param name="height" value="380" />
				<param name="onleft" value="9900" />
				<param name="onright" value="68" />
				<param name="hiddenfocus" value="true" />
				<param name="visible" value="Control.IsVisible(68) + Control.HasFocus(80)" />
			</include>
			<include content="media_flags_rating_stars">
				<param name="flagleft" value="1570" />
				<param name="flagtop" value="65" />
				<param name="condition" value="ListItem.UserRating" />
				<param name="visible" value="Integer.IsGreater(ListItem.UserRating,0) + ![Control.HasFocus(80) | ListItem.IsParentFolder | String.IsEmpty(ListItem.DbType) | Skin.HasSetting(show_color_picker)]" />
			</include>
			<include content="media_flags_rating_stars">
				<param name="flagleft" value="1570" />
				<param name="flagtop" value="65" />
				<param name="condition" value="ListItem.Rating" />
				<param name="visible" value="!Integer.IsGreater(ListItem.UserRating,0) + ![Control.HasFocus(80) | ListItem.IsParentFolder | String.IsEmpty(ListItem.DbType) | Skin.HasSetting(show_color_picker)]" />
			</include>
			<control type="label">
				<left>1320</left>
				<top>105</top>
				<width>550</width>
				<align>right</align>
				<aligny>top</aligny>
				<label>$VAR[media_rating_info][CR][B]$VAR[media_info_top250, Top250 - ][/B]</label>
				<font>font_plot</font>
				<visible>![Control.HasFocus(80) | ListItem.IsParentFolder | String.IsEmpty(ListItem.DbType) | Skin.HasSetting(show_color_picker)]</visible>
			</control>					
			<control type="group">
				<animation effect="fade" start="100" end="0" time="400" pulse="true" condition="Control.HasFocus(102682) | Control.HasFocus(102683)">Conditional</animation>
				<visible>Window.IsActive(videos) + [String.IsEqual(skin.string(view_68_videos_disc_art),always) | String.IsEqual(skin.string(view_68_videos_disc_art),ifavailable) + ![String.IsEmpty(Window(home).Property(SkinHelper.ListItem.Art.DiscArt)) + String.IsEmpty(ListItem.Art(discart))]] | Window.IsActive(music) + [String.IsEqual(skin.string(view_68_music_disc_art),always) | String.IsEqual(skin.string(view_68_music_disc_art),ifavailable) + ![String.IsEmpty(Window(home).Property(SkinHelper.ListItem.Art.DiscArt)) + String.IsEmpty(ListItem.Art(discart))]] | Control.HasFocus(102682) | Control.HasFocus(102683)</visible>
				<control type="image">
					<left>50</left>
					<top>591</top>
					<width>672</width>
					<height>254</height>
					<include>animation_fade</include>
					<texture colordiffuse="$INFO[skin.string(view_tech_color_base)]">view_tech_disc_box.png</texture>			
				</control>
				<include content="media_info_disc">	
					<param name="left" value="62" />
					<param name="top" value="604" />
					<param name="size" value="229" />
					<param name="slidedisc1" value="0" />
					<param name="slidedisc2" value="0" />
					<param name="sliderow" value="0" />
					<param name="sliderowcondition" value="false" />
					<param name="slidecolumn" value="0" />
					<param name="slidecolumncondition" value="false" />
					<param name="disclayout" value="$VAR[disc_video_layout]" />
					<param name="discart" value="$VAR[media_disc_art]" />
					<param name="visible" value="true" />
				</include>
				<include content="media_info_disc">	
					<param name="left" value="62" />
					<param name="top" value="604" />
					<param name="size" value="229" />
					<param name="slidedisc1" value="0" />					
					<param name="slidedisc2" value="0" />
					<param name="sliderow" value="0" />
					<param name="sliderowcondition" value="false" />
					<param name="slidecolumn" value="0" />
					<param name="slidecolumncondition" value="false" />
					<param name="disclayout" value="$VAR[disc_audio_layout]" />
					<param name="discart" value="$VAR[media_disc_art]" />
					<param name="visible" value="true" />
				</include>
				<control type="image">
					<left>50</left>
					<top>689</top>
					<width>156</width>
					<height>156</height>
					<texture colordiffuse="$INFO[skin.string(view_tech_color_base)]">view_tech_disc_cover.png</texture>
					<include>animation_fade</include>
					<animation effect="fade" start="100" end="0" time="400" pulse="true" condition="Control.HasFocus(102682) | Control.HasFocus(102683)">Conditional</animation>
				</control>
			</control>
			<control type="group">
				<animation effect="fade" start="100" end="0" time="400" pulse="true" condition="Control.HasFocus(102684)">Conditional</animation>
				<visible>[!Skin.HasSetting(view_tech_landscape_off) | Control.HasFocus(102684)]</visible>
				<control type="image">
					<left>341</left>
					<top>480</top>
					<width>381</width>
					<height>164</height>
					<texture colordiffuse="$INFO[skin.string(view_tech_color_base)]">view_tech_landscape_box.png</texture>
					<include>animation_fade</include>					
					<visible>[!String.IsEmpty(Control.GetLabel(6804)) | Control.HasFocus(102684)]</visible>
				</control>
				<control type="image">
					<left>353</left>
					<top>492</top>
					<width>249</width>
					<height>140</height>
					<fadetime>common_fade_time</fadetime>
					<aspectratio align="center" aligny="center">keep</aspectratio>
					<texture background="true">$VAR[media_landscape]</texture>					
				</control>
			</control>
			<control type="group">
				<animation effect="fade" start="100" end="0" time="400" pulse="true" condition="Control.HasFocus(102685)">Conditional</animation>
				<visible>Window.IsActive(videos) + !Skin.HasSetting(view_tech_art_video_off) | Window.IsActive(music) + !Skin.HasSetting(view_tech_art_music_off) | Window.IsActive(programs) + !Skin.HasSetting(view_tech_art_programs_off) | Control.HasFocus(102685)</visible>
				<control type="image">
					<left>341</left>
					<top>681</top>
					<width>381</width>
					<height>164</height>
					<texture colordiffuse="$INFO[skin.string(view_tech_color_base)]">view_tech_art_box.png</texture>
					<include>animation_fade</include>					
					<visible>[!String.IsEmpty(Control.GetLabel(6805)) | Control.HasFocus(102685)]</visible>
				</control>
				<control type="image">
					<left>353</left>
					<top>700</top>
					<width>249</width>
					<height>140</height>
					<fadetime>common_fade_time</fadetime>
					<aspectratio align="center" aligny="center">keep</aspectratio>	
					<texture background="true">$VAR[media_art]</texture>									
				</control>
			</control>
			<control type="group">
				<animation effect="fade" start="100" end="0" time="400" pulse="true" condition="Control.HasFocus(102686)">Conditional</animation>
				<visible>[!Skin.HasSetting(view_tech_banner_off) | Control.HasFocus(102686)]</visible>
				<control type="image">
					<left>50</left>
					<top>882</top>
					<width>672</width>
					<height>124</height>
					<texture colordiffuse="$INFO[skin.string(view_tech_color_base)]">view_tech_banner_box.png</texture>
					<include>animation_fade</include>
					<visible>[!String.IsEmpty(Control.GetLabel(6806)) | Control.HasFocus(102686)]</visible>
				</control>
				<control type="image">
					<left>62</left>
					<top>894</top>
					<width>540</width>
					<height>100</height>
					<fadetime>common_fade_time</fadetime>
					<aspectratio align="center" aligny="center">stretch</aspectratio>
					<texture background="true">$VAR[media_banner]</texture>
				</control>
			</control>
			<control type="group">
				<visible>Container.Content(movies) | Container.Content(musicvideos) | Container.Content(sets) | Container.Content(tvshows) | Container.Content(seasons)</visible>
				<control type="image">
					<left>720</left>
					<top>521</top>
					<width>320</width>
					<height>455</height>
					<texture colordiffuse="$INFO[skin.string(view_tech_color_base)]">view_tech_poster_box.png</texture>
				</control>
				<control type="image">
					<left>732</left>
					<top>533</top>
					<width>296</width>
					<height>431</height>
					<fadetime>common_fade_time</fadetime>
					<aspectratio align="center" aligny="bottom">scale</aspectratio>
					<texture fallback="DefaultVideoPoster.png" background="true">$VAR[media_thumb]</texture>
				</control>
				<include content="media_overlays">
					<param name="left" value="976" />
					<param name="top" value="911" />
					<param name="size" value="50" />
					<param name="visible" value="true" />
				</include>
			</control>
			<control type="group">
				<visible>![Container.Content(movies) | Container.Content(musicvideos) | Container.Content(sets) | Container.Content(tvshows) | Container.Content(seasons)]</visible>
				<control type="image">
					<left>720</left>
					<top>593</top>
					<width>320</width>
					<height>320</height>
					<texture colordiffuse="$INFO[skin.string(view_tech_color_base)]">view_tech_thumb_box.png</texture>
				</control>
				<control type="image">
					<left>732</left>
					<top>605</top>
					<width>296</width>
					<height>296</height>
					<fadetime>common_fade_time</fadetime>
					<aspectratio align="center" aligny="bottom">strech</aspectratio>
					<texture fallback="DefaultVideoPoster.png" background="true">$VAR[media_thumb]</texture>
				</control>
				<control type="label">
					<left>732</left>
					<top>750</top>
					<width>296</width>
					<align>center</align>
					<label>$INFO[ListItem.Label]</label>
					<font>font_year</font>
					<textcolor>ff333333</textcolor>
					<visible>Container.Content(years) + !ListItem.IsParentFolder</visible>
				</control>
			</control>
			<control type="progress">
				<left>732</left>
				<top>989</top>
				<width>200</width>
				<info>ListItem.PercentPlayed</info>
				<visible>Integer.IsGreater(ListItem.PercentPlayed,0)</visible>
			</control>
			<control type="label">
				<left>948</left>
				<top>979</top>
				<width>80</width>
				<height>30</height>
				<align>right</align>
				<label>$INFO[ListItem.PercentPlayed]%</label>
				<font>font_plot</font>
				<visible>Integer.IsGreater(ListItem.PercentPlayed,0)</visible>
			</control>
			<control type="group">
				<animation effect="fade" start="100" end="0" time="400" pulse="true" condition="Control.HasFocus(102687)">Conditional</animation>
				<visible>[!Skin.HasSetting(view_tech_character_off) | Control.HasFocus(102687)]</visible>
				<control type="image">
					<left>1008</left>
					<top>201</top>
					<width>864</width>
					<height>323</height>
					<texture colordiffuse="$INFO[skin.string(view_tech_color_base)]">view_tech_character_box.png</texture>
					<include>animation_fade</include>					
					<visible>[!String.IsEmpty(Control.GetLabel(6807)) | Control.HasFocus(102687)]</visible>
				</control>
				<control type="image">
					<left>1630</left>
					<top>213</top>
					<width>230</width>
					<height>230</height>
					<fadetime>common_fade_time</fadetime>
					<aspectratio align="center" aligny="center">keep</aspectratio>
					<texture background="true">$VAR[media_characterart]</texture>
				</control>
			</control>				
			<control type="group">
				<animation effect="fade" start="100" end="0" time="400" pulse="true" condition="Control.HasFocus(102688)">Conditional</animation>
				<include>animation_fade</include>
				<visible>[!Skin.HasSetting(view_tech_info_off) | Control.HasFocus(102688)]</visible>
				<control type="image">
					<left>1038</left>
					<top>492</top>
					<width>834</width>
					<height>209</height>
					<texture colordiffuse="$INFO[skin.string(view_tech_color_base)]">view_tech_info_box.png</texture>
					<visible>![ListItem.IsParentFolder | String.IsEmpty(ListItem.Genre) + String.IsEmpty(Window(home).Property(SkinHelper.ListItem.Genre)) + String.IsEmpty(ListItem.Property(Artist_Genre)) + String.IsEmpty(ListItem.Year) + String.IsEmpty(Window(home).Property(SkinHelper.ListItem.Years)) + String.IsEmpty(ListItem.Premiered) + String.IsEmpty(ListItem.Duration) + String.IsEmpty(Window(home).Property(SkinHelper.ListItem.Duration)) + String.IsEmpty(ListItem.Director) + String.IsEmpty(Window(home).Property(SkinHelper.ListItem.Studio)) + String.IsEmpty(ListItem.Property(Artist_Style)) + String.IsEmpty(ListItem.Property(Album_Theme)) + String.IsEmpty(ListItem.TrackNumber) + String.IsEmpty(ListItem.AddonVersion) + String.IsEmpty(ListItem.AddonCreator)] | Control.HasFocus(102688)</visible>		
				</control>
				<control type="grouplist">
					<left>1159</left>
					<top>504</top>
					<width>701</width>
					<height>184</height>
					<include content="media_info_details">
						<param name="header" value="" />
						<param name="headervisible" value="false" />
						<param name="infowidth" value="701" />
						<param name="info" value="[COLOR=$INFO[skin.string(header_color)]]$VAR[media_genre][/COLOR]" />
						<param name="visible" value="![String.IsEmpty(ListItem.Genre) + String.IsEmpty(Window(home).Property(SkinHelper.ListItem.Genre))]" />
					</include>
					<include content="media_info_details">
						<param name="header" value="" />
						<param name="headervisible" value="false" />
						<param name="infowidth" value="701" />
						<param name="info" value="[COLOR=$INFO[skin.string(header_color)]]$INFO[ListItem.Property(Artist_Genre)][/COLOR]" />
						<param name="visible" value="!String.IsEmpty(ListItem.Property(Artist_Genre))" />
					</include>
					<include content="media_info_details">
						<param name="header" value="$VAR[media_year_label]" />
						<param name="headervisible" value="true" />
						<param name="infowidth" value="701" />
						<param name="info" value="$VAR[media_year]" />
						<param name="visible" value="![String.IsEmpty(ListItem.Year) + String.IsEmpty(Window(home).Property(SkinHelper.ListItem.Years)) | String.IsEqual(ListItem.DbType,season) | String.IsEqual(ListItem.DbType,episode)]" />
					</include>
					<include content="media_info_details">
						<param name="header" value="$LOCALIZE[31233]" />
						<param name="headervisible" value="true" />
						<param name="infowidth" value="701" />
						<param name="info" value="$INFO[ListItem.Premiered]" />
						<param name="visible" value="!String.IsEmpty(ListItem.Premiered)" />
					</include>
					<include content="media_info_details">
						<param name="header" value="$LOCALIZE[180]" />
						<param name="headervisible" value="true" />
						<param name="infowidth" value="701" />
						<param name="info" value="$VAR[media_runtime]" />
						<param name="visible" value="![String.IsEmpty(ListItem.Duration) + String.IsEmpty(Window(home).Property(SkinHelper.ListItem.Duration))]" />
					</include>
					<include content="media_info_details">
						<param name="header" value="$LOCALIZE[20339]" />
						<param name="headervisible" value="true" />
						<param name="infowidth" value="701" />
						<param name="info" value="$INFO[ListItem.Director]" />
						<param name="visible" value="!String.IsEmpty(ListItem.Director)" />
					</include>
					<include content="media_info_details">
						<param name="header" value="$LOCALIZE[20388]" />
						<param name="headervisible" value="true" />
						<param name="infowidth" value="701" />
						<param name="info" value="$INFO[Window(home).Property(SkinHelper.ListItem.Studio)]" />
						<param name="visible" value="!String.IsEmpty(Window(home).Property(SkinHelper.ListItem.Studio))" />
					</include>
					<include content="media_info_details">
						<param name="header" value="$LOCALIZE[176]" />
						<param name="headervisible" value="true" />
						<param name="infowidth" value="701" />
						<param name="info" value="$INFO[ListItem.Property(Artist_Style)]" />
						<param name="visible" value="!String.IsEmpty(ListItem.Property(Artist_Style))" />
					</include>
					<include content="media_info_details">
						<param name="header" value="$LOCALIZE[21895]" />
						<param name="headervisible" value="true" />
						<param name="infowidth" value="701" />
						<param name="info" value="$INFO[ListItem.Property(Album_Theme)]" />
						<param name="visible" value="!String.IsEmpty(ListItem.Property(Album_Theme))" />
					</include>
					<include content="media_info_details">
						<param name="header" value="$LOCALIZE[554]" />
						<param name="headervisible" value="true" />
						<param name="infowidth" value="701" />
						<param name="info" value="$INFO[ListItem.TrackNumber]" />
						<param name="visible" value="!String.IsEmpty(ListItem.TrackNumber)" />
					</include>
					<include content="media_info_details">
						<param name="header" value="$LOCALIZE[24051]" />
						<param name="headervisible" value="true" />
						<param name="infowidth" value="701" />
						<param name="info" value="$INFO[ListItem.AddonVersion]" />
						<param name="visible" value="!String.IsEmpty(ListItem.AddonVersion)" />
					</include>
					<include content="media_info_details">
						<param name="header" value="$LOCALIZE[21863]" />
						<param name="headervisible" value="true" />
						<param name="infowidth" value="701" />
						<param name="info" value="$INFO[ListItem.AddonCreator]" />
						<param name="visible" value="!String.IsEmpty(ListItem.AddonCreator)" />
					</include>											
				</control>				
			</control>			
			<control type="group">
				<animation effect="fade" start="100" end="0" time="400" pulse="true" condition="Control.HasFocus(102689)">Conditional</animation>
				<include>animation_fade</include>
				<visible>[!Skin.HasSetting(view_tech_plot_off) | Control.HasFocus(102689)]</visible>
				<control type="image">
					<left>1038</left>
					<top>737</top>
					<width>834</width>
					<height>269</height>
					<texture colordiffuse="$INFO[skin.string(view_tech_color_base)]">view_tech_plot_box.png</texture>	
					<visible>![ListItem.IsParentFolder | String.IsEmpty(Window(home).Property(SkinHelper.ListItem.Plot)) + String.IsEmpty(ListItem.Property(Album_Description)) + String.IsEmpty(ListItem.Property(Artist_Description)) + String.IsEmpty(Window(home).Property(SkinHelper.Music.Info)) + String.IsEmpty(ListItem.Plot) + String.IsEmpty(ListItem.AddonSummary) + String.IsEmpty(ListItem.AddonDescription)] | Control.HasFocus(102689)</visible>		
				</control>	
				<include content="media_info_plot">
					<param name="left" value="1159" />
					<param name="top" value="749" />
					<param name="width" value="701" />
					<param name="height" value="245" />
					<param name="label" value="$VAR[media_plot]" />						
					<param name="visible" value="true" />
				</include>	
			</control>					
		</control>
	</include>
</includes>