<?xml version="1.0" encoding="UTF-8"?>
<window id="1101" type="dialog"><!-- Ace 2 -->
	<defaultcontrol always="true">9010</defaultcontrol>
	<onload condition="String.IsEqual(skin.string(submenu),00) | String.IsEqual(Container(9010).numitems,0)">SetFocus(9011)</onload>
	<onunload>Skin.Reset(submode)</onunload>
	<controls>
		<control type="group">
			<include condition="Window.IsVisible(1157)">menucustom</include>
			<animation effect="fade" start="0" end="100" time="0" condition="Skin.HasSetting(submode)">Conditional</animation>
		</control>		
		<control type="group">
			<include condition="Window.IsVisible(home)">animation_dialog_popup</include>
			<animation type="WindowOpen" reversible="false" condition="Window.IsVisible(1157)">
				<effect type="slide" start="0,0" end="450,0" time="300" delay="300" tween="sine" easing="inout" />
				<effect type="fade" start="0" end="100" time="300" />
			</animation>
			<animation type="WindowClose" reversible="false" condition="Window.IsVisible(1157)">
				<effect type="slide" start="450,0" end="0,0" time="300" tween="sine" easing="inout" />
				<effect type="fade" start="100" end="0" time="300" />
			</animation>
			<animation effect="slide" end="0,300" time="200" easing="inout" tween="sine" condition="String.IsEqual(Container(9010).numitems,1) + Window.IsVisible(home)">Conditional</animation>
			<animation effect="slide" end="0,278" time="200" easing="inout" tween="sine" condition="String.IsEqual(Container(9010).numitems,2) + Window.IsVisible(home)">Conditional</animation>
			<animation effect="slide" end="0,256" time="200" easing="inout" tween="sine" condition="String.IsEqual(Container(9010).numitems,3) + Window.IsVisible(home)">Conditional</animation>
			<animation effect="slide" end="0,234" time="200" easing="inout" tween="sine" condition="String.IsEqual(Container(9010).numitems,4) + Window.IsVisible(home)">Conditional</animation>
			<animation effect="slide" end="0,212" time="200" easing="inout" tween="sine" condition="String.IsEqual(Container(9010).numitems,5) + Window.IsVisible(home)">Conditional</animation>
			<animation effect="slide" end="0,190" time="200" easing="inout" tween="sine" condition="String.IsEqual(Container(9010).numitems,6) + Window.IsVisible(home)">Conditional</animation>
			<animation effect="slide" end="0,168" time="200" easing="inout" tween="sine" condition="String.IsEqual(Container(9010).numitems,7) + Window.IsVisible(home)">Conditional</animation>
			<animation effect="slide" end="0,146" time="200" easing="inout" tween="sine" condition="String.IsEqual(Container(9010).numitems,8) + Window.IsVisible(home)">Conditional</animation>
			<animation effect="slide" end="0,124" time="200" easing="inout" tween="sine" condition="String.IsEqual(Container(9010).numitems,9) + Window.IsVisible(home)">Conditional</animation>
			<animation effect="slide" end="0,102" time="200" easing="inout" tween="sine" condition="String.IsEqual(Container(9010).numitems,10) + Window.IsVisible(home)">Conditional</animation>
			<animation effect="slide" end="0,80" time="200" easing="inout" tween="sine" condition="String.IsEqual(Container(9010).numitems,11) + Window.IsVisible(home)">Conditional</animation>
			<animation effect="slide" end="0,58" time="200" easing="inout" tween="sine" condition="String.IsEqual(Container(9010).numitems,12) + Window.IsVisible(home)">Conditional</animation>
			<animation effect="slide" end="0,36" time="200" easing="inout" tween="sine" condition="String.IsEqual(Container(9010).numitems,13) + Window.IsVisible(home)">Conditional</animation>
			<animation effect="slide" end="0,14" time="200" easing="inout" tween="sine" condition="String.IsEqual(Container(9010).numitems,14) + Window.IsVisible(home)">Conditional</animation>
			<include content="context_furniture">	
				<param name="left" value="245" />
				<param name="top" value="125" />
				<param name="label" value="$INFO[Window(home).Property(menu_item_label)]/$LOCALIZE[31201]" />
				<param name="visible" value="Window.IsVisible(home) + ![String.IsEqual(skin.string(submenu),00) | String.IsEqual(Container(9010).numitems,0)]" />
			</include>
			<control type="list" id="9010">
				<include content="submenu_list" condition="Window.IsVisible(home)">	
					<param name="id" value="9010" />
					<param name="left" value="245" />
					<param name="top" value="125" />
					<param name="width" value="681" />
					<param name="height" value="1005" />
					<param name="onleft" value="Dialog.Close(1101)" />
					<param name="onright" value="9011" />
					<param name="align" value="center" />
					<param name="focusposition" value="0" />
					<param name="itemwidth" value="681" />
					<param name="itemheight" value="45" />
				</include>				
				<include content="submenu_list" condition="Window.IsVisible(1157)">	
					<param name="id" value="9010" />
					<param name="left" value="-450" />
					<param name="top" value="180" />
					<param name="width" value="450" />
					<param name="height" value="900" />
					<param name="onleft" value="Dialog.Close(1101)" />
					<param name="onright" value="SetFocus(4400)" />
					<param name="align" value="left" />
					<param name="focusposition" value="0" />
					<param name="itemwidth" value="450" />
					<param name="itemheight" value="45" />
				</include>	
				<include content="submenu_content">	
				</include>				
			</control>
			<include content="context_furniture">	
				<param name="left" value="996" />
				<param name="top" value="125" />
				<param name="label" value="31849" />
				<param name="visible" value="Window.IsVisible(home)" />
			</include>
			<control type="list" id="9011">
				<include content="context_list" condition="Window.IsVisible(home)">
					<param name="id" value="9011" />
					<param name="left" value="996" />
					<param name="top" value="125" />					
					<param name="width" value="681" />
					<param name="height" value="1005" />
					<param name="onleft" value="9010" />
					<param name="onright" value="Dialog.Close(1101)" />
					<param name="focusposition" value="0" />
					<param name="itemwidth" value="681" />
					<param name="itemheight" value="45" />
				</include>			
				<content>
				    <item>
						<label>$LOCALIZE[13037]</label>
						<onclick>ToggleDisplayHDR()</onclick>
						<onclick>dialog.close(all,true)</onclick>
						<visible>System.IsHDRDisplayOff</visible>
					</item>
					<item>
						<label>$LOCALIZE[13038]</label>
						<onclick>ToggleDisplayHDR()</onclick>
						<onclick>dialog.close(all,true)</onclick>
						<visible>System.IsHDRDisplayOn</visible>
					</item>
					<item>
						<label>31144</label>
						<onclick>ShutDown()</onclick>
					</item>
					<item>
						<label>31012</label>
						<onclick>Quit()</onclick>
					</item>
					<item>
						<label>31058</label>
						<onclick>PowerDown()</onclick>
					</item>
					<item>
						<label>31241</label>
						<onclick>System.ExecWait("/usr/sbin/rebootfromnand")</onclick>
						<visible>[System.Platform.Android | System.Platform.Linux | System.Platform.Linux.RaspberryPi] + System.CanReboot</visible>
					</item>
					<item>
						<label>31207</label>
						<onclick>Dialog.Close(1101)</onclick>
						<onclick>ActivateWindow(1157)</onclick>
						<visible>$EXP[kiosk_code_control]</visible>
					</item>
					<item>
						<label>31371</label>
						<onclick>Dialog.Close(1101)</onclick>
						<onclick>ActivateWindow(skinsettings)</onclick>
						<visible>$EXP[kiosk_code_control]</visible>
					</item>
					<item>
						<label>31362</label>
						<onclick>Dialog.Close(1101)</onclick>
						<onclick>ActivateWindow(settings)</onclick>
						<visible>$EXP[kiosk_code_control]</visible>
					</item>
					<item>
						<label>$VAR[kiosk_code_label]</label>
						<onclick condition="!String.IsEqual(skin.string(kiosk_code_step),step3)">Dialog.Close(1101)</onclick>
						<onclick condition="!String.IsEqual(skin.string(kiosk_code_step),step3)">ActivateWindow(1151)</onclick>
						<onclick condition="String.IsEqual(skin.string(kiosk_code_step),step3)">Skin.Reset(kiosk_code_step)</onclick>
						<visible>Skin.HasSetting(kiosk_code)</visible>
					</item>	
				</content>
			</control>
		</control>
	</controls>
</window>