<?xml version="1.0" encoding="UTF-8"?>
<window><!-- Aeon MQ 9 -->
	<defaultcontrol always="true">9000</defaultcontrol>
	<include>loading_default</include>
	<views>55</views>
	<controls>
		<include content="common_background">
			<param name="mask" value="white80" />	
			<param name="condition" value="true" />
		</include>
		<control type="group">
			<include>animation_window</include>			
			<include content="settings_center_title">
				<param name="id" value="" />
				<param name="label" value="31010" />
				<param name="width" value="2932" />
				<param name="labelwidth" value="2780" />
			</include>
			<control type="grouplist" id="9100">				
				<left>900</left>
				<top>360</top>
				<width>2940</width>
				<height>1482</height>				
				<onleft>9000</onleft>
				<onright>9000</onright>
				<onup>9100</onup>
				<ondown>9100</ondown>
				<visible>String.IsEqual(Window.Property(addonbrowser_view),settings)</visible>			
				<control type="radiobutton" id="7">
					<label>$LOCALIZE[25001]</label>
					<visible>Control.IsEnabled(7)</visible>
				</control>				
				<control type="radiobutton" id="8">
					<label>$LOCALIZE[24999]</label>
					<visible>Control.IsEnabled(8)</visible>
				</control>				
				<control type="button" id="9">
					<label>$LOCALIZE[24034]</label>
				</control>				
				<control type="button" id="5">
					<label>$LOCALIZE[22082]</label>
				</control>				
			</control>
			<control type="group">
				<visible>String.IsEqual(Window.Property(addonbrowser_view),list)</visible>
				<control type="list" id="55">
					<left>900</left>
					<width>2940</width>
					<height>1200</height>
					<onleft>9000</onleft>
					<onright>80</onright>
					<pagecontrol>80</pagecontrol>
					<itemlayout width="2940" height="120">
						<include content="list_furniture">
							<param name="width" value="2940" />
							<param name="height" value="120" />
							<param name="align" value="left" />
							<param name="label" value="$INFO[ListItem.label]" />
							<param name="label2" value="$INFO[ListItem.Label2]" />
							<param name="font" value="font_settings" />
							<param name="font2" value="font_settings" />
						</include>
					</itemlayout>
					<focusedlayout width="2940" height="120">
						<include content="list_furniturefocus">
							<param name="width" value="2940" />
							<param name="height" value="120" />
							<param name="align" value="left" />
							<param name="label" value="$INFO[ListItem.label]" />
							<param name="label2" value="$INFO[ListItem.Label2]" />
							<param name="font" value="font_settings" />
							<param name="font2" value="font_settings" />
							<param name="visible" value="Control.HasFocus(55)" />
						</include>
					</focusedlayout>
				</control>
				<include content="scroll_bar_vertical">
					<param name="id" value="80" />
					<param name="left" value="3750" />
					<param name="top" value="360" />
					<param name="height" value="1200" />
					<param name="onleft" value="55" />
					<param name="onright" value="55" />
					<param name="hiddenfocus" value="false" />
					<param name="visible" value="true" />
				</include>
				<control type="image">
					<left>900</left>
					<top>1560</top>
					<width>2940</width>
					<height>600</height>
					<texture colordiffuse="$INFO[skin.string(texture_base_color)]">white50.png</texture>
				</control>
				<include content="gradient_line">
					<param name="left" value="900" />
					<param name="topline" value="1560" />
					<param name="topshadow" value="1560" />
					<param name="width" value="2940" />
					<param name="flipy" value="true" />
					<param name="visible" value="true" />
				</include>
				<control type="image">
					<left>1000</left>
					<top>1590</top>
					<width>540</width>
					<height>540</height>
					<fadetime>common_fade_time</fadetime>
					<aspectratio align="left" aligny="top">keep</aspectratio>
					<texture fallback="DefaultAddon.png">$INFO[Container(55).ListItem.Icon]</texture>
					<visible>!ListItem.IsParentFolder</visible>
				</control>
				<control type="grouplist">				
					<left>1620</left>
					<top>1590</top>
					<width>2120</width>
					<height>540</height>
					<itemgap>10</itemgap>
					<include>animation_fade</include>
					<include content="media_info_details">
						<param name="header" value="$LOCALIZE[31788]" />
						<param name="headervisible" value="true" />
						<param name="infowidth" value="1280" />
						<param name="info" value="$INFO[ListItem.AddonCreator]" />
						<param name="visible" value="!String.IsEmpty(ListItem.AddonCreator)" />
					</include>
					<include content="media_info_details">
						<param name="header" value="$LOCALIZE[144]" />
						<param name="headervisible" value="true" />
						<param name="infowidth" value="1280" />
						<param name="info" value="$INFO[ListItem.AddonVersion]" />
						<param name="visible" value="!String.IsEmpty(ListItem.AddonVersion)" />
					</include>
					<include content="media_info_plot">
						<param name="left" value="0" />
						<param name="top" value="0" />
						<param name="width" value="2120" />
						<param name="height" value="345" />	
						<param name="label" value="$INFO[Container(55).ListItem.AddonDescription]" />							
						<param name="visible" value="![String.IsEqual(ListItem.AddonLifecycleType,$LOCALIZE[24170]) | String.IsEqual(ListItem.AddonLifecycleType,$LOCALIZE[24171])]" />
					</include>
					<include content="media_info_plot">
						<param name="left" value="0" />
						<param name="top" value="0" />
						<param name="width" value="2120" />
						<param name="height" value="345" />	
						<param name="label" value="$LOCALIZE[24049]" />							
						<param name="visible" value="String.IsEqual(ListItem.AddonLifecycleType,$LOCALIZE[24170])" />
					</include>
					<include content="media_info_plot">
						<param name="left" value="0" />
						<param name="top" value="0" />
						<param name="width" value="2120" />
						<param name="height" value="345" />	
						<param name="label" value="$LOCALIZE[24096]" />							
						<param name="visible" value="String.IsEqual(ListItem.AddonLifecycleType,$LOCALIZE[24171])" />
					</include>
				</control>
			</control>
			<include content="settings_left_title">
				<param name="label" value="31202" />
			</include>
			<control type="grouplist" id="9000">
				<top>360</top>
				<width>900</width>
				<height>1800</height>				
				<onleft>Action(Back)</onleft>
				<onup>9000</onup>
				<ondown>9000</ondown>
				<control type="button" id="9001">
					<width>900</width>
					<label>$LOCALIZE[24001]</label>
					<onright>SetFocus(55)</onright>
					<onclick>SetFocus(55)</onclick>
					<onfocus>SetProperty(addonbrowser_view,list)</onfocus>
				</control>
				<control type="button" id="9002">
					<width>900</width>
					<label>$LOCALIZE[31261]</label>
					<onright>SetFocus(9100)</onright>
					<onclick>SetFocus(9100)</onclick>
					<onfocus>SetProperty(addonbrowser_view,settings)</onfocus>
				</control>
			</control>			
			<include>mask_background</include>
		</control>
	</controls>
</window>