<?xml version="1.0" encoding="UTF-8"?>
<window><!-- Aeon MQ 9 -->
	<defaultcontrol>1000</defaultcontrol>	
	<onload condition="!System.HasAddon(context.extendedinfo.dialog)">InstallAddon(context.extendedinfo.dialog)</onload>
	<onload condition="!System.HasAddon(script.embuary.info)">InstallAddon(script.embuary.info)</onload>
	<controls>
		<control type="group">
			<include>animation_dialog_popup</include>
			<animation effect="slide" end="1200,0" time="0" tween="sine" easing="out"  condition="Window.IsVisible(addoninformation)">Conditional</animation>
			<animation effect="slide" end="0,120" time="200" tween="sine" easing="out" condition="Window.IsVisible(yesnodialog)">Conditional</animation>
			<control type="image" id="999">
				<left>0</left>
				<top>80</top>
				<width>1362</width>
				<height>2010</height>
			</control>
			<include content="context_furniture">	
				<param name="left" value="0" />
				<param name="top" value="0" />
				<param name="label" value="31178" />
				<param name="visible" value="true" />
			</include>
			<control type="grouplist" id="996">
				<width>1362</width>
				<height>2010</height>				
				<onleft>back</onleft>
				<onright>back</onright>
				<onup>996</onup>
				<ondown>996</ondown>
				<include content="dialogs_context_button">	
					<param name="id" value="1000" />
					<param name="width" value="1362" />
					<param name="visible" value="true" />
				</include>
				<include content="dialogs_context_button">	
					<param name="id" value="1030" />
					<param name="label" value="$INFO[System.AddonTitle(script.libraryeditor)]" />
					<param name="width" value="1362" />
					<param name="onclick" value="RunScript(script.libraryeditor,DBID=$INFO[ListItem.DBID])" />
					<param name="onclick1" value="" />
					<param name="visible" value="System.HasAddon(script.libraryeditor) + [Container.Content(movies) | Container.Content(episodes) | Container.Content(albums) | Container.Content(songs)]" />
				</include>
				<include content="dialogs_context_button">	
					<param name="id" value="1032" />
					<param name="label" value="$INFO[System.AddonTitle(script.artwork.downloader)]: $LOCALIZE[31342]" />
					<param name="width" value="1362" />
					<param name="onclick" value="RunScript(script.artwork.downloader, mode=custom, mediatype=$INFO[ListItem.DbType], extrathumbs)" />
					<param name="onclick1" value="" />
					<param name="visible" value="System.HasAddon(script.artwork.downloader) + [Container.Content(movies) | Container.Content(tvshows) | Container.Content(musicvideos)]" />
				</include>
				<include content="dialogs_context_button">	
					<param name="id" value="1033" />
					<param name="label" value="$INFO[System.AddonTitle(script.artwork.downloader)]: $LOCALIZE[31449]" />
					<param name="width" value="1362" />
					<param name="onclick" value="RunScript(script.artwork.downloader, mode=custom, mediatype=$INFO[ListItem.DbType], dbid=$INFO[ListItem.DBID], extrathumbs)" />
					<param name="onclick1" value="" />
					<param name="visible" value="System.HasAddon(script.artwork.downloader) + [String.IsEqual(ListItem.DbType,movie) | String.IsEqual(ListItem.DbType,tvshow) | String.IsEqual(ListItem.DbType,musicvideo)]" />
				</include>
				<include content="dialogs_context_button">	
					<param name="id" value="1034" />
					<param name="label" value="$INFO[System.AddonTitle(script.artwork.downloader)]: $LOCALIZE[31341]" />
					<param name="width" value="1362" />
					<param name="onclick" value="RunScript(script.artwork.downloader, mode=gui, mediatype=$INFO[ListItem.DbType], dbid=$INFO[ListItem.DBID])" />
					<param name="onclick1" value="" />
					<param name="visible" value="System.HasAddon(script.artwork.downloader) + [String.IsEqual(ListItem.DbType,movie) | String.IsEqual(ListItem.DbType,tvshow) | String.IsEqual(ListItem.DbType,musicvideo)]" />
				</include>	
				<include content="dialogs_context_button">	
					<param name="id" value="1035" />
					<param name="label" value="31945" />
					<param name="width" value="1362" />
					<param name="onclick" value="PlayMedia($INFO[ListItem.Trailer])" />
					<param name="visible" value="!String.IsEmpty(ListItem.Trailer)" />
				</include>
				<include content="dialogs_context_button">	
					<param name="id" value="1036" />
					<param name="label" value="31243" />
					<param name="width" value="1362" />
					<param name="onclick" value="ActivateWindow(111)" />
					<param name="visible" value="true" />
				</include>
				<include content="dialogs_context_button">	
					<param name="id" value="1037" />
					<param name="label" value="$INFO[System.AddonTitle(script.trakt)]" />
					<param name="width" value="1362" />
					<param name="onclick" value="RunScript(script.trakt,action=contextmenu)" />
					<param name="onclick1" value="" />
					<param name="visible" value="System.HasAddon(script.trakt)" />
				</include>
			</control>
		</control>
	</controls>
</window>