<?xml version="1.0" encoding="UTF-8"?>
<window type="dialog"><!-- Aeon MQ 9 -->
	<controls>
		<visible>![Player.Forwarding | Player.Rewinding] + [!String.IsEmpty(VideoPlayer.Title) | !String.IsEmpty(VideoPlayer.TVShowTitle)]</visible>
		<control type="image">
			<texture colordiffuse="$INFO[skin.string(texture_base_color)]">white80.png</texture>
		</control>
		<control type="group">
			<include>animation_window</include>			
			<include content="settings_center_title">
				<param name="id" value="" />
				<param name="label" value="$INFO[Player.Filename]" />
				<param name="width" value="2932" />
				<param name="labelwidth" value="2780" />
			</include>			
			<control type="list" id="120">
				<left>900</left>
				<width>2940</width>
				<height>1676</height>
				<onleft>150</onleft>
				<onright>80</onright>
				<pagecontrol>80</pagecontrol>
				<itemlayout height="140">
					<include content="media_flags_country">	
						<param name="flagleft" value="100" />
						<param name="flagtop" value="-20" />
						<param name="flagwidth" value="160" />
						<param name="flagheight" value="180" />
						<param name="type" value="countries" />
						<param name="condition" value="ListItem.Art(thumb)" />
						<param name="visible" value="true" />
					</include>
					<control type="label">
						<left>300</left>
						<top>12</top>
						<width>640</width>
						<height>60</height>			
						<label>$INFO[ListItem.Label]</label>
						<scroll>false</scroll>				
					</control>
					<control type="label">
						<left>300</left>
						<top>72</top>						
						<width>2540</width>
						<height>60</height>
						<label>$INFO[ListItem.Label2]</label>
						<font>font_details</font>
					</control>
					<control type="image">
						<left>1840</left>
						<top>-72</top>
						<width>200</width>
						<height>220</height>
						<aspectratio align="left" aligny="center">keep</aspectratio>
						<texture>$VAR[extras_path]cc.png</texture>	
						<animation effect="slide" end="200,0" time="0" tween="sine" easing="inout" condition="!ListItem.property(sync)">Conditional</animation>
						<animation effect="slide" end="630,0" time="0" tween="sine" easing="inout" condition="!Integer.IsGreater(ListItem.ActualIcon,0)">Conditional</animation>						
						<visible>ListItem.property(hearing_imp)</visible>
					</control>
					<control type="image">
						<left>2040</left>
						<top>-72</top>
						<width>200</width>
						<height>220</height>
						<aspectratio align="left" aligny="center">keep</aspectratio>
						<texture>$VAR[extras_path]subtitle_sync.png</texture>
						<animation effect="slide" end="630,0" time="0" tween="sine" easing="inout" condition="!Integer.IsGreater(ListItem.ActualIcon,0)">Conditional</animation>						
						<visible>ListItem.property(sync)</visible>
					</control>
					<include content="media_flags_rating_stars">
						<param name="flagleft" value="2254" />
						<param name="flagtop" value="12" />
						<param name="condition" value="ListItem.ActualIcon" />
						<param name="visible" value="Integer.IsGreater(ListItem.ActualIcon,0)" />
					</include>
				</itemlayout>
				<focusedlayout height="140">
					<control type="image">
						<width>2940</width>
						<height>140</height>
						<texture colordiffuse="$INFO[skin.string(texture_highlight_color)]">white.png</texture>
						<visible>Control.HasFocus(120)</visible>
					</control>
					<include content="media_flags_country">	
						<param name="flagleft" value="100" />
						<param name="flagtop" value="-20" />
						<param name="flagwidth" value="160" />
						<param name="flagheight" value="180" />
						<param name="type" value="countries" />
						<param name="condition" value="ListItem.Art(thumb)" />
						<param name="visible" value="true" />
					</include>
					<control type="label">
						<left>300</left>
						<top>12</top>
						<width>640</width>
						<height>60</height>
						<label>$INFO[ListItem.Label]</label>
						<visible>!Control.HasFocus(120)</visible>				
					</control>
					<control type="label">
						<left>300</left>
						<top>12</top>
						<width>640</width>
						<height>60</height>
						<label>$INFO[ListItem.Label]</label>
						<textcolor>$INFO[skin.string(label_base_color)]</textcolor>						
						<visible>Control.HasFocus(120)</visible>				
					</control>
					<control type="label">
						<left>300</left>
						<top>72</top>						
						<width>2540</width>
						<height>60</height>
						<label>$INFO[ListItem.Label2]</label>
						<font>font_details</font>
						<visible>!Control.HasFocus(120)</visible>
					</control>
					<control type="label">
						<left>300</left>
						<top>72</top>						
						<width>2540</width>
						<height>60</height>
						<label>$INFO[ListItem.Label2]</label>
						<font>font_details</font>
						<textcolor>$INFO[skin.string(label_base_color)]</textcolor>
						<visible>Control.HasFocus(120)</visible>
					</control>
					<control type="image">
						<left>1840</left>
						<top>-72</top>
						<width>200</width>
						<height>220</height>
						<aspectratio align="left" aligny="center">keep</aspectratio>
						<texture>$VAR[extras_path]cc.png</texture>	
						<animation effect="slide" end="200,0" time="0" tween="sine" easing="inout" condition="!ListItem.property(sync)">Conditional</animation>
						<animation effect="slide" end="630,0" time="0" tween="sine" easing="inout" condition="!Integer.IsGreater(ListItem.ActualIcon,0)">Conditional</animation>						
						<visible>ListItem.property(hearing_imp)</visible>
					</control>
					<control type="image">
						<left>2040</left>
						<top>-72</top>
						<width>200</width>
						<height>220</height>
						<aspectratio align="left" aligny="center">keep</aspectratio>
						<texture>$VAR[extras_path]subtitle_sync.png</texture>
						<animation effect="slide" end="630,0" time="0" tween="sine" easing="inout" condition="!Integer.IsGreater(ListItem.ActualIcon,0)">Conditional</animation>						
						<visible>ListItem.property(sync)</visible>
					</control>
					<include content="media_flags_rating_stars">
						<param name="flagleft" value="2254" />
						<param name="flagtop" value="12" />
						<param name="condition" value="ListItem.ActualIcon" />
						<param name="visible" value="Integer.IsGreater(ListItem.ActualIcon,0)" />
					</include>										
				</focusedlayout>					
			</control>
			<include content="scroll_bar_vertical">
				<param name="id" value="80" />
				<param name="left" value="3760" />
				<param name="top" value="360" />
				<param name="height" value="1676" />
				<param name="onleft" value="240" />
				<param name="onright" value="320" />
				<param name="hiddenfocus" value="false" />
				<param name="visible" value="true" />
			</include>
			<control type="image" id="110">
				<include>invisible_image</include>
			</control>
			<control type="group" id="130">
				<control type="grouplist">
					<left>1000</left>
					<top>2060</top>
					<width>1800</width>
					<height>90</height>
					<orientation>horizontal</orientation>
					<itemgap>16</itemgap>
					<control type="image">
						<width>90</width>
						<height>90</height>
						<texture>overlay_watched_1.png</texture>
					</control>			
					<control type="label">
						<width>auto</width>
						<height>90</height>
						<label>31992</label>
						<font>font_plot</font>
					</control>
				</control>
			</control>
			<control type="label" id="140">
				<left>2740</left>
				<top>2040</top>
				<width>1000</width>
				<height>120</height>
				<align>right</align>
				<font>font_plot</font>
			</control>
			<include content="gradient_line">
				<param name="left" value="900" />
				<param name="topline" value="2040" />
				<param name="topshadow" value="2040" />
				<param name="width" value="2940" />
				<param name="flipy" value="true" />
				<param name="visible" value="true" />
			</include>
			<control type="group" id="250">
				<include content="settings_left_title">
					<param name="label" value="31202" />
				</include>
				<control type="list" id="150">
					<top>360</top>
					<width>900</width>
					<height>1800</height>
					<onleft>9000</onleft>
					<onright>120</onright>
					<onfocus>SetProperty(subtitle_addon,$INFO[ListItem.Property(Addon.ID)])</onfocus>
					<animation effect="slide" start="0,0" end="-900,0" time="300" easing="out" tween="sine" condition="ControlGroup(9000).HasFocus">Conditional</animation>
					<itemlayout height="120">
						<control type="label">
							<width>900</width>
							<label>$INFO[ListItem.Label]</label>
							<textoffsetx>100</textoffsetx>
							<scroll>false</scroll>				
						</control>
					</itemlayout>
					<focusedlayout height="120">
						<control type="image">
							<width>900</width>
							<height>120</height>
							<texture colordiffuse="$INFO[skin.string(texture_highlight_color)]">white.png</texture>
							<visible>Control.HasFocus(150)</visible>
						</control>
						<control type="label">
							<width>900</width>
							<label>$INFO[ListItem.Label]</label>
							<selectedcolor>$INFO[skin.string(label_highlight_color)]</selectedcolor>
							<textoffsetx>100</textoffsetx>							
							<visible>!Control.HasFocus(150)</visible>
						</control>
						<control type="label">
							<width>900</width>
							<label>$INFO[ListItem.Label]</label>
							<textcolor>$INFO[skin.string(label_base_color)]</textcolor>
							<selectedcolor>$INFO[skin.string(label_base_color)]</selectedcolor>
							<textoffsetx>100</textoffsetx>
							<visible>Control.HasFocus(150)</visible>
						</control>
					</focusedlayout>					
				</control>
			</control>
			<control type="grouplist" id="9000">
				<left>-900</left>
				<top>360</top>
				<width>900</width>
				<height>1920</height>
				<onleft>150</onleft>
				<onright>150</onright>
				<onup>9000</onup>
				<ondown>9000</ondown>
				<onback>150</onback>
				<animation effect="slide" start="0,0" end="900,0" time="300" easing="out" tween="sine" condition="ControlGroup(9000).HasFocus">Conditional</animation>
				<include content="settings_default_button">
					<param name="id" value="9001" />
					<param name="label" value="$LOCALIZE[10140]" />
					<param name="onclick" value="Addon.OpenSettings($INFO[Window.Property(subtitle_addon)])" />
				</include>
				<include content="settings_default_button">
					<param name="id" value="160" />
					<param name="label" value="$LOCALIZE[24120]" />
					<param name="onclick" value="" />
				</include>
			</control>
			<include content="settings_aux_label">
				<param name="id" value="9009" />
				<param name="condition" value="ControlGroup(9000).HasFocus" />
				<param name="visible" value="true" />
			</include>
		</control>
		<include>mask_background</include>
	</controls>
</window>