<?xml version="1.0" encoding="UTF-8"?>
<window><!-- Aeon MQ 9 -->
	<defaultcontrol always="true">21</defaultcontrol>
	<controls>	
		<include content="common_background">
			<param name="mask" value="white80" />	
			<param name="condition" value="true" />
		</include>
		<control type="group">
			<include>animation_dialog_popup</include>
			<control type="image">
				<left>1180</left>
				<top>400</top>
				<width>90</width>
				<height>1320</height>
				<texture colordiffuse="90ffffff" diffuse="details_back_vertical.png" flipx="true">shadow_vertical.png</texture>
			</control>
			<control type="image">
				<left>2568</left>
				<top>400</top>
				<width>90</width>
				<height>1320</height>
				<texture colordiffuse="90ffffff" diffuse="details_back_vertical.png">shadow_vertical.png</texture>
			</control>
			<control type="image">
				<left>1270</left>
				<top>386</top>
				<width>1298</width>
				<height>148</height>
				<texture colordiffuse="$INFO[skin.string(texture_base_color)]">white50.png</texture>
			</control>
			<control type="label" id="1">
				<left>1370</left>
				<top>390</top>
				<width>1098</width>
				<height>148</height>
				<align>center</align>
				<font>font_title_settings</font>
				<scroll>true</scroll>
				<scrollout>false</scrollout>
			</control>			
			<control type="group">
				<left>1274</left>
				<top>770</top>
				<include content="keyboard_button">
					<param name="id" value="11" />				
					<param name="left" value="0" />
					<param name="top" value="0" />
					<param name="width" value="318" />
					<param name="onleft" value="21" />
					<param name="onright" value="12" />
					<param name="onup" value="23" />
					<param name="ondown" value="15" />
					<param name="condition" value="true" />
					<param name="ondown1" value="" />
					<param name="condition1" value="false" />
					<param name="label" value="$LOCALIZE[12311]" />
				</include>
				<include content="keyboard_button">
					<param name="id" value="12" />				
					<param name="left" value="324" />
					<param name="top" value="0" />
					<param name="width" value="318" />
					<param name="onleft" value="11" />
					<param name="onright" value="13" />
					<param name="onup" value="23" />
					<param name="ondown" value="16" />
					<param name="condition" value="true" />
					<param name="ondown1" value="" />
					<param name="condition1" value="false" />
					<param name="label" value="$LOCALIZE[12312]" />
				</include>
				<include content="keyboard_button">
					<param name="id" value="13" />				
					<param name="left" value="648" />
					<param name="top" value="0" />
					<param name="width" value="318" />
					<param name="onleft" value="12" />
					<param name="onright" value="14" />
					<param name="onup" value="21" />
					<param name="ondown" value="17" />
					<param name="condition" value="true" />
					<param name="ondown1" value="" />
					<param name="condition1" value="false" />
					<param name="label" value="$LOCALIZE[12313]" />
				</include>
				<include content="keyboard_button">
					<param name="id" value="14" />				
					<param name="left" value="972" />
					<param name="top" value="0" />
					<param name="width" value="318" />
					<param name="onleft" value="13" />
					<param name="onright" value="15" />
					<param name="onup" value="21" />
					<param name="ondown" value="18" />
					<param name="condition" value="true" />
					<param name="ondown1" value="" />
					<param name="condition1" value="false" />
					<param name="label" value="$LOCALIZE[12314]" />
				</include>
				<include content="keyboard_button">
					<param name="id" value="15" />				
					<param name="left" value="0" />
					<param name="top" value="210" />
					<param name="width" value="318" />
					<param name="onleft" value="14" />
					<param name="onright" value="16" />
					<param name="onup" value="11" />
					<param name="ondown" value="19" />
					<param name="condition" value="true" />
					<param name="ondown1" value="" />
					<param name="condition1" value="false" />
					<param name="label" value="$LOCALIZE[12315]" />
				</include>
				<include content="keyboard_button">
					<param name="id" value="16" />				
					<param name="left" value="324" />
					<param name="top" value="210" />
					<param name="width" value="318" />
					<param name="onleft" value="15" />
					<param name="onright" value="17" />
					<param name="onup" value="12" />
					<param name="ondown" value="10" />
					<param name="condition" value="true" />
					<param name="ondown1" value="" />
					<param name="condition1" value="false" />
					<param name="label" value="$LOCALIZE[12316]" />
				</include>
				<include content="keyboard_button">
					<param name="id" value="17" />				
					<param name="left" value="648" />
					<param name="top" value="210" />
					<param name="width" value="318" />
					<param name="onleft" value="16" />
					<param name="onright" value="18" />
					<param name="onup" value="13" />
					<param name="ondown" value="20" />
					<param name="condition" value="true" />
					<param name="ondown1" value="" />
					<param name="condition1" value="false" />
					<param name="label" value="$LOCALIZE[12317]" />
				</include>
				<include content="keyboard_button">
					<param name="id" value="18" />				
					<param name="left" value="972" />
					<param name="top" value="210" />
					<param name="width" value="318" />
					<param name="onleft" value="17" />
					<param name="onright" value="19" />
					<param name="onup" value="14" />
					<param name="ondown" value="22" />
					<param name="condition" value="true" />
					<param name="ondown1" value="" />
					<param name="condition1" value="false" />
					<param name="label" value="$LOCALIZE[12318]" />
				</include>				
				<include content="keyboard_button">
					<param name="id" value="19" />				
					<param name="left" value="0" />
					<param name="top" value="420" />
					<param name="width" value="318" />
					<param name="onleft" value="18" />
					<param name="onright" value="10" />
					<param name="onup" value="15" />
					<param name="ondown" value="23" />
					<param name="condition" value="true" />
					<param name="ondown1" value="" />
					<param name="condition1" value="false" />
					<param name="label" value="$LOCALIZE[12319]" />
				</include>
				<include content="keyboard_button">
					<param name="id" value="10" />				
					<param name="left" value="324" />
					<param name="top" value="420" />
					<param name="width" value="318" />
					<param name="onleft" value="19" />
					<param name="onright" value="20" />
					<param name="onup" value="16" />
					<param name="ondown" value="23" />
					<param name="condition" value="true" />
					<param name="ondown1" value="" />
					<param name="condition1" value="false" />
					<param name="label" value="$LOCALIZE[12310]" />
				</include>
				<include content="keyboard_button">
					<param name="id" value="20" />				
					<param name="left" value="648" />
					<param name="top" value="420" />
					<param name="width" value="318" />
					<param name="onleft" value="10" />
					<param name="onright" value="22" />
					<param name="onup" value="17" />
					<param name="ondown" value="21" />
					<param name="condition" value="true" />
					<param name="ondown1" value="" />
					<param name="condition1" value="false" />
					<param name="label" value="&lt;" />
				</include>
				<include content="keyboard_button">
					<param name="id" value="22" />				
					<param name="left" value="972" />
					<param name="top" value="420" />
					<param name="width" value="318" />
					<param name="onleft" value="20" />
					<param name="onright" value="23" />
					<param name="onup" value="18" />
					<param name="ondown" value="21" />
					<param name="condition" value="true" />
					<param name="ondown1" value="" />
					<param name="condition1" value="false" />
					<param name="label" value="&gt;" />
				</include>				
				<include content="keyboard_button">
					<param name="id" value="23" />				
					<param name="left" value="0" />
					<param name="top" value="630" />
					<param name="width" value="642" />
					<param name="onleft" value="22" />
					<param name="onright" value="21" />
					<param name="onup" value="19" />
					<param name="ondown" value="11" />
					<param name="condition" value="true" />
					<param name="ondown1" value="" />
					<param name="condition1" value="false" />
					<param name="label" value="$LOCALIZE[20181]" />
				</include>
				<include content="keyboard_button">
					<param name="id" value="21" />				
					<param name="left" value="648" />
					<param name="top" value="630" />
					<param name="width" value="642" />
					<param name="onleft" value="23" />
					<param name="onright" value="11" />
					<param name="onup" value="22" />
					<param name="ondown" value="11" />
					<param name="condition" value="true" />
					<param name="ondown1" value="" />
					<param name="condition1" value="false" />
					<param name="label" value="$LOCALIZE[20177]" />
				</include>
				<control type="image">
					<top>840</top>
					<width>1290</width>
					<height>120</height>
					<texture colordiffuse="90ffffff">white.png</texture>
				</control>
				<control type="label" id="4">
					<left>96</left>
					<top>866</top>
					<width>1098</width>
					<height>66</height>
					<align>center</align>
					<font>font_list</font>
					<textcolor>e0101010</textcolor>				              			
					<texturefocus></texturefocus>
				</control>
			</control>
		</control>
	</controls>
</window>