<?xml version="1.0" encoding="UTF-8"?>
<window><!-- Aeon MQ 9 -->
	<defaultcontrol always="true">450</defaultcontrol>
	<include>library_loads</include>
	<onload condition="!System.HasAddon(script.favourites)">InstallAddon(script.favourites)</onload>
	<onunload>RunScript(script.favourites)</onunload>
	<controls>
		<include content="common_background">
			<param name="mask" value="white80" />	
			<param name="condition" value="true" />
		</include>
		<control type="group">
			<include>animation_window</include>
			<control type="group">
				<animation effect="slide" end="-900,0" time="300" tween="sine" easing="out" reversible="true" condition="!String.IsEmpty(Control.GetLabel(8025))">Conditional</animation>
				<include content="settings_right_title">
					<param name="label" value="$LOCALIZE[33029]" />
					<param name="slide" value="false" />
				</include>					
				<control type="image" id="8025">
					<left>3940</left>
					<top>360</top>
					<width>700</width>
					<height>900</height>
					<fadetime>common_fade_time</fadetime>
					<aspectratio aligny="top">keep</aspectratio>
					<texture>$INFO[Container(450).ListItem.Icon]</texture>					
				</control>				
				<include content="media_info_plot">
					<param name="left" value="3940" />
					<param name="top" value="1300" />
					<param name="width" value="700" />
					<param name="height" value="830" />	
					<param name="label" value="$VAR[media_plot]" />						
					<param name="visible" value="true" />
				</include>
			</control>
			<control type="group">
				<animation effect="slide" end="-450,0" time="300" tween="sine" easing="out" reversible="true" condition="!String.IsEmpty(Control.GetLabel(8025))">Conditional</animation>				
				<include content="dialogs_furniture">
					<param name="id" value="1" />
					<param name="left" value="360" />
					<param name="width" value="2940" />
					<param name="title" value="$LOCALIZE[1036]" />				
				</include>
				<control type="list" id="450">
					<left>450</left>
					<width>2940</width>
					<height>1680</height>
					<onleft>Action(Back)</onleft>
					<onright>80</onright>
					<pagecontrol>80</pagecontrol>
					<itemlayout height="120">
						<include content="list_furniture">
							<param name="width" value="2940" />
							<param name="height" value="120" />
							<param name="align" value="left" />
							<param name="label" value="$INFO[ListItem.label]" />
							<param name="font" value="font_settings" />
						</include>
					</itemlayout>
					<focusedlayout height="120">
						<include content="list_furniturefocus">
							<param name="width" value="2940" />
							<param name="height" value="120" />
							<param name="align" value="left" />
							<param name="label" value="$INFO[ListItem.label]" />
							<param name="font" value="font_settings" />
							<param name="visible" value="Control.HasFocus(450)" />
						</include>
					</focusedlayout>
				</control>
			<include content="scroll_bar_vertical">
				<param name="id" value="80" />
				<param name="left" value="3300" />
				<param name="top" value="360" />
				<param name="height" value="1680" />
				<param name="onleft" value="900" />
				<param name="onright" value="900" />
				<param name="hiddenfocus" value="false" />
				<param name="visible" value="true" />
			</include>				
			</control>			
			<control type="label">
				<left>450</left>
				<top>960</top>
				<align>center</align>
				<label>$LOCALIZE[31221]</label>
				<visible>Integer.IsEqual(Container(450).NumItems,0)</visible>
			</control>
		</control>
		<include>library_furniture</include>
	</controls>
</window>