<?xml version="1.0" encoding="UTF-8"?>
<window><!-- Aeon MQ 9 -->
	<defaultcontrol always="true">149</defaultcontrol>
	<onload condition="Container.Content(artists)">SetProperty(musicinfo_view,250)</onload>
	<onload condition="![Container.Content(artists) | Container.Content(songs)]">SetProperty(musicinfo_view,50)</onload>
	<onload condition="!System.HasAddon(script.artistslideshow)">InstallAddon(script.artistslideshow)</onload>
	<onload condition="System.HasAddon(script.artistslideshow)">RunScript(script.artistslideshow, daemon=True)</onload>
	<controls>
		<include content="media_info_background">
			<param name="fanart" value="$VAR[musicinfo_fanart]" />	
		</include>
		<control type="group">
			<include>animation_window</include>
			<include content="media_info_layout">
				<param name="view" value="musicinfo" />
				<param name="title" value="$VAR[musicinfo_title]" />	
				<param name="tagline" value="$VAR[musicinfo_tag]" />
				<param name="taglinevisible" value="true" />
				<param name="thumb" value="$VAR[musicinfo_thumb]" />
				<param name="case" value="Skin.HasSetting(view_musicinfo_case_off)" />
				<param name="bordertexture" value="bigthumb_shadow.png" />
				<param name="bordersquare" value="Container.Content(artists)" />	
				<param name="artvisible" value="![Control.HasFocus(150) | Control.HasFocus(250) | Control.HasFocus(350)]" />
				<param name="oscarvisible" value="false" />
				<param name="tipvisible" value="false" />				
			</include>
			<control type="group">
				<include>animation_fade</include>
				<visible>!Control.HasFocus(50)</visible>
				<control type="group">				
					<left>1328</left>
					<top>200</top>
					<orientation>horizontal</orientation>
					<include>animation_fade</include>
					<control type="image">
						<width>1580</width>
						<height>132</height>
						<texture colordiffuse="$INFO[skin.string(texture_base_color)]">videoinfo_flags_back_top.png</texture>
					</control>					
					<include content="media_flags_country">	
						<param name="flagleft" value="2" />
						<param name="flagtop" value="8" />
						<param name="flagwidth" value="174" />
						<param name="flagheight" value="118" />
						<param name="type" value="countries" />
						<param name="condition" value="ListItem.Country" />
						<param name="visible" value="!Control.HasFocus(250)" />
					</include>
					<control type="label">
						<left>786</left>
						<width>300</width>
						<height>132</height>				
						<label>$VAR[videoinfo_year]</label>
						<font>font_year</font>
					</control>
					<control type="label">
						<left>1110</left>
						<width>520</width>
						<height>132</height>				
						<label>$VAR[videoinfo_duration]</label>
						<font>font_year</font>
					</control>
				</control>					
				<include content="media_flags_rating_stars">	
					<param name="flagleft" value="1328" />
					<param name="flagtop" value="370" />
					<param name="condition" value="ListItem.UserRating" />
					<param name="visible" value="!Control.HasFocus(250) + Integer.IsGreater(ListItem.UserRating,0)" />
				</include>
				<include content="media_flags_rating_stars">	
					<param name="flagleft" value="1328" />
					<param name="flagtop" value="370" />
					<param name="condition" value="ListItem.Rating" />
					<param name="visible" value="!Control.HasFocus(250) + !Integer.IsGreater(ListItem.UserRating,0)" />
				</include>
				<include content="media_flags_rating_stars">	
					<param name="flagleft" value="1328" />
					<param name="flagtop" value="370" />
					<param name="condition" value="Container.ListItem.Rating" />
					<param name="visible" value="Control.HasFocus(250)" />
				</include>
				<control type="label">
					<left>1970</left>
					<top>370</top>
					<width>950</width>
					<height>60</height>
					<align>left</align>
					<label>$VAR[musicinfo_rating]</label>
					<font>font_plot</font>
				</control>				
				<control type="grouplist">				
					<left>1328</left>
					<top>460</top>
					<width>1580</width>
					<height>820</height>
					<itemgap>4</itemgap>
					<include>animation_fade</include>
					<include content="media_info_details">
						<param name="header" value="" />
						<param name="headervisible" value="false" />
						<param name="infowidth" value="1280" />
						<param name="info" value="[COLOR=$INFO[skin.string(header_color)]]$VAR[musicinfo_genre][/COLOR]" />
						<param name="visible" value="!String.IsEmpty(ListItem.Genre)" />
					</include>						
					<include content="media_info_details">
						<param name="header" value="Top250" />
						<param name="headervisible" value="true" />
						<param name="infowidth" value="1280" />
						<param name="info" value="$INFO[Window(home).Property(SkinHelper.ListItem.IMDB.Top250)]" />
						<param name="visible" value="Integer.IsGreater(Window(home).Property(SkinHelper.ListItem.IMDB.Top250),0)" />
					</include>
					<include content="media_info_details">
						<param name="header" value="$LOCALIZE[31434]" />
						<param name="headervisible" value="true" />
						<param name="infowidth" value="1280" />
						<param name="info" value="$INFO[Window(home).Property(SkinHelper.ListItem.Awards)]" />
						<param name="visible" value="![Control.HasFocus(50) | String.IsEmpty(Window(home).Property(SkinHelper.ListItem.Awards))]" />
					</include>
					<include content="media_info_details">
						<param name="header" value="$LOCALIZE[20339]" />
						<param name="headervisible" value="true" />
						<param name="infowidth" value="1280" />
						<param name="info" value="$INFO[ListItem.Director]" />
						<param name="visible" value="!String.IsEmpty(ListItem.Director)" />
					</include>
					<include content="media_info_details">
						<param name="header" value="$LOCALIZE[20388]" />
						<param name="headervisible" value="true" />
						<param name="infowidth" value="1280" />
						<param name="info" value="$INFO[Window(home).Property(SkinHelper.ListItem.Studio)]" />
						<param name="visible" value="!String.IsEmpty(Window(home).Property(SkinHelper.ListItem.Studio))" />
					</include>
					<include content="media_info_details">
						<param name="header" value="$LOCALIZE[31233]" />
						<param name="headervisible" value="true" />
						<param name="infowidth" value="1280" />
						<param name="info" value="$INFO[ListItem.Premiered]" />
						<param name="visible" value="!String.IsEmpty(ListItem.Premiered)" />
					</include>
					<include content="media_info_details">
						<param name="header" value="$LOCALIZE[176]" />
						<param name="headervisible" value="true" />
						<param name="infowidth" value="1280" />
						<param name="info" value="$INFO[ListItem.Property(Artist_Style)]" />
						<param name="visible" value="!String.IsEmpty(ListItem.Property(Artist_Style))" />
					</include>
					<include content="media_info_details">
						<param name="header" value="$LOCALIZE[21895]" />
						<param name="headervisible" value="true" />
						<param name="infowidth" value="1280" />
						<param name="info" value="$INFO[ListItem.Property(Album_Theme)]" />
						<param name="visible" value="!String.IsEmpty(ListItem.Property(Album_Theme))" />
					</include>
					<include content="media_info_details">
						<param name="header" value="$LOCALIZE[554]" />
						<param name="headervisible" value="true" />
						<param name="infowidth" value="1280" />
						<param name="info" value="$INFO[ListItem.TrackNumber]" />
						<param name="visible" value="!String.IsEmpty(ListItem.TrackNumber)" />
					</include>
					<include content="media_info_details">
						<param name="header" value="$LOCALIZE[180]" />
						<param name="headervisible" value="true" />
						<param name="infowidth" value="1280" />
						<param name="info" value="$INFO[ListItem.Duration]" />
						<param name="visible" value="!String.IsEmpty(ListItem.Duration)" />
					</include>
					<include content="media_info_details">
						<param name="header" value="$LOCALIZE[31788]" />
						<param name="headervisible" value="true" />
						<param name="infowidth" value="1280" />
						<param name="info" value="$INFO[ListItem.Studio]" />
						<param name="visible" value="!String.IsEmpty(ListItem.Studio)" />
					</include>
					<include content="media_info_plot">
						<param name="left" value="0" />
						<param name="top" value="0" />
						<param name="width" value="1580" />
						<param name="height" value="1000" />	
						<param name="label" value="$VAR[musicinfo_plot]" />								
						<param name="visible" value="true" />
					</include>
				</control>				
				<control type="group">				
					<left>1328</left>
					<top>1280</top>
					<orientation>horizontal</orientation>
					<include>animation_fade</include>
					<visible>!Control.HasFocus(250)</visible>
					<control type="image">
						<top>34</top>
						<width>1580</width>
						<height>132</height>
						<texture colordiffuse="$INFO[skin.string(texture_base_color)]">videoinfo_flags_back_bottom.png</texture>
					</control>
					<include content="media_flags_common">
						<param name="flagleft" value="0" />
						<param name="flagtop" value="0" />
						<param name="flagwidth" value="220" />
						<param name="flagheight" value="200" />						
						<param name="type" value="record_labels" />
						<param name="condition" value="ListItem.Property(Album_Label)" />
						<param name="visible" value="!Control.HasFocus(250)" />
					</include>
					<include content="media_flags_common">
						<param name="flagleft" value="0" />
						<param name="flagtop" value="0" />
						<param name="flagwidth" value="220" />
						<param name="flagheight" value="200" />						
						<param name="type" value="record_labels" />	
						<param name="condition" value="Container.ListItem.Property(Album_Label)" />
						<param name="visible" value="Control.HasFocus(50) | Control.HasFocus(150) | Control.HasFocus(250)" />
					</include>	
					<include content="media_flags_music_codec">
						<param name="flagleft" value="226" />
						<param name="flagtop" value="0" />
						<param name="flagwidth" value="220" />
						<param name="flagheight" value="200" />						
						<param name="condition" value="ListItem.Filename" />
						<param name="visible" value="!Control.HasFocus(250)" />
					</include>	
					<include content="media_flags_music_codec">
						<param name="flagleft" value="226" />
						<param name="flagtop" value="0" />
						<param name="flagwidth" value="220" />
						<param name="flagheight" value="200" />						
						<param name="condition" value="Container.ListItem.Filename" />
						<param name="visible" value="Control.HasFocus(50) | Control.HasFocus(150)" />
					</include>	
					<include content="media_flags_common">
						<param name="flagleft" value="454" />
						<param name="flagtop" value="0" />
						<param name="flagwidth" value="220" />
						<param name="flagheight" value="200" />						
						<param name="type" value="audio_channels" />
						<param name="condition" value="ListItem.AudioChannels" />
						<param name="visible" value="![Control.HasFocus(50) | Control.HasFocus(150) | Control.HasFocus(250)]" />
					</include>
					<include content="media_flags_common">
						<param name="flagleft" value="454" />
						<param name="flagtop" value="0" />
						<param name="flagwidth" value="220" />
						<param name="flagheight" value="200" />						
						<param name="type" value="audio_channels" />	
						<param name="condition" value="Container.ListItem.AudioChannels" />
						<param name="visible" value="Control.HasFocus(50) | Control.HasFocus(150)" />
					</include>	
				</control>
			</control>			
			<control type="list" id="149">
				<include content="context_list">
					<param name="id" value="149" />
					<param name="left" value="3006" />
					<param name="top" value="200" />					
					<param name="width" value="734" />
					<param name="height" value="1040" />
					<param name="onleft" value="131" />
					<param name="onright" value="131" />
					<param name="focusposition" value="0" />
					<param name="itemwidth" value="367" />
					<param name="itemheight" value="90" />
				</include>	
				<content>
				    <item>
						<label>$LOCALIZE[208]</label>
						<onclick>SendClick(8)</onclick>
						<visible>Container.Content(albums) | Container.Content(songs)</visible>
					</item>
					<item>
						<label>$LOCALIZE[13404]</label>
						<onclick>SendClick(9)</onclick>
					</item>
					<item>
						<label>$LOCALIZE[184]</label>
						<onclick>SendClick(6)</onclick>
						<visible>!Skin.HasSetting(kiosk_info)</visible>
					</item>
					<item>
						<label>$LOCALIZE[38023]</label>
						<onclick>SendClick(7)</onclick>
						<visible>!Skin.HasSetting(kiosk_info)</visible>
					</item>
					<item>
						<label>$LOCALIZE[13405]</label>
						<onclick>SendClick(10)</onclick>
						<visible>!Skin.HasSetting(kiosk_info)</visible>
					</item>
					<item>
						<label>$LOCALIZE[20413]</label>
						<onclick>SendClick(12)</onclick>
						<visible>!Skin.HasSetting(kiosk_info)</visible>
					</item>
				</content>
			</control>
			<control type="grouplist" id="130">
				<left>1328</left>
				<top>1460</top>
				<width>2412</width>
				<height>90</height>
				<onup>149</onup>
				<ondown>SetFocus($INFO[Window.Property(musicinfo_view)])</ondown>
				<orientation>horizontal</orientation>
				<itemgap>3</itemgap>
				<include content="media_info_buttons_bar">
					<param name="id" value="131" />	
					<param name="width" value="1202" />
					<param name="label" value="31340" />
					<param name="action" value="SetProperty(musicinfo_view,50)" />
					<param name="enable" value="Container.Content(albums)" />
					<param name="visible" value="true" />
				</include>
				<include content="media_info_buttons_bar">
					<param name="id" value="133" />	
					<param name="width" value="1202" />						
					<param name="label" value="$LOCALIZE[21888] ($LOCALIZE[31330])" />
					<param name="action" value="SetProperty(musicinfo_view,250)" />
					<param name="enable" value="!Container.Content(songs)" />
					<param name="visible" value="true" />
				</include>
			</control>
			<include content="gradient_line">
				<param name="left" value="1328" />
				<param name="topline" value="1458" />
				<param name="topshadow" value="1458" />
				<param name="width" value="2412" />
				<param name="flipy" value="true" />
				<param name="visible" value="true" />
			</include>
			<control type="list" id="50">
				<include content="dialog_info_panel_layout">
					<param name="id" value="50" />
					<param name="layoutwidth" value="346" />
				</include>
				<visible>String.IsEqual(Window.Property(musicinfo_view),50)</visible>				
			</control>
			<control type="list" id="250">
				<include content="dialog_info_panel_layout">
					<param name="id" value="250" />
					<param name="layoutwidth" value="346" />
				</include>
				<content></content>
				<!--<content>plugin://script.embuary.helper?info=discography&amp;&amp;artistname=$INFO[ListItem.Artist]</content>-->				
				<visible>String.IsEqual(Window.Property(musicinfo_view),250)</visible>				
			</control>
		</control>
	</controls>
</window>