<?xml version="1.0" encoding="UTF-8"?>
<window><!-- Aeon MQ 9 -->
	<defaultcontrol always="true">20</defaultcontrol>
	<controls>
		<include content="common_background">
			<param name="mask" value="white80" />	
			<param name="condition" value="true" />
		</include>
		<control type="group">
			<include>animation_window</include>
			<control type="group">
				<animation effect="slide" end="-450,0" time="300" tween="sine" easing="out" reversible="true" condition="!String.IsEmpty(Control.GetLabel(8027))">Conditional</animation>
				<include content="dialogs_furniture">
					<param name="id" value="2" />
					<param name="left" value="360" />
					<param name="width" value="2940" />
					<param name="title" value="$LOCALIZE[19199]" />				
				</include>
				<control type="list" id="20">
					<left>450</left>
					<top>360</top>
					<width>2940</width>
					<height>800</height>
					<onleft>9001</onleft>
					<onright>80</onright>
					<pagecontrol>80</pagecontrol>
					<itemlayout height="120">
						<control type="group">
							<animation effect="fade" start="100" end="50" time="0" condition="!ListItem.Property(ActiveChannel)">Conditional</animation>
							<control type="image">
								<width>60</width>
								<height>120</height>
								<texture colordiffuse="selected">white80.png</texture>
								<visible>ListItem.Property(Changed)</visible>
							</control>
							<control type="label">
								<left>100</left>
								<width>2740</width>
								<label>$INFO[ListItem.Property(Number),[B],[/B] - ]$INFO[ListItem.Property(Name)]</label>
								<scroll>false</scroll>
							</control>
							<control type="image">
								<left>2760</left>
								<top>10</top>
								<width>100</width>
								<height>100</height>
								<texture colordiffuse="$INFO[skin.string(overlay_watched_color)]">overlay_locked.png</texture>
								<visible>ListItem.Property(ParentalLocked)</visible>
							</control>
						</control>
					</itemlayout>
					<focusedlayout height="120">
						<control type="image">
							<width>2940</width>
							<height>120</height>
							<texture>white.png</texture>
							<visible>Control.Hasfocus(20)</visible>
						</control>
						<control type="image">
							<width>60</width>
							<height>120</height>
							<texture colordiffuse="selected">white80.png</texture>
							<visible>ListItem.Property(Changed)</visible>
						</control>
						<control type="label">
							<left>100</left>
							<width>2740</width>
							<label>$INFO[ListItem.Property(Number),[B],[/B] - ]$INFO[ListItem.Property(Name)]</label>
							<visible>!Control.Hasfocus(20)</visible>
						</control>
						<control type="label">
							<left>100</left>
							<width>2740</width>
							<label>$INFO[ListItem.Property(Number),[B],[/B] - ]$INFO[ListItem.Property(Name)]</label>
							<textcolor>$INFO[skin.string(label_base_color)]</textcolor>
							<visible>Control.Hasfocus(20)</visible>
						</control>
						<control type="image">
							<left>2760</left>
							<top>10</top>
							<width>100</width>
							<height>100</height>
							<texture colordiffuse="$INFO[skin.string(overlay_watched_color)]">overlay_locked.png</texture>
							<visible>ListItem.Property(ParentalLocked)</visible>
						</control>
					</focusedlayout>
				</control>
				<include content="scroll_bar_vertical">
					<param name="id" value="80" />
					<param name="left" value="3300" />
					<param name="top" value="360" />
					<param name="height" value="800" />
					<param name="onleft" value="20" />
					<param name="onright" value="9002" />
					<param name="hiddenfocus" value="false" />
					<param name="visible" value="true" />
				</include>
				<control type="label">
					<left>450</left>
					<top>1200</top>
					<label>$LOCALIZE[31326]</label>
					<textcolor>$INFO[skin.string(header_color)]</textcolor>
					<textoffsetx>100</textoffsetx>					
				</control>
				<control type="grouplist" id="9002">
					<left>450</left>
					<top>1320</top>				
					<width>2940</width>				
					<onleft>20</onleft>
					<onright>9001</onright>
					<control type="radiobutton" id="7">
						<label>$LOCALIZE[19074]</label>
					</control>
					<control type="edit" id="8">
						<width>2940</width>	
						<label>$LOCALIZE[38401]</label>
					</control>
					<control type="button" id="9">
						<label>$LOCALIZE[38402]</label>
					</control>
					<control type="radiobutton" id="12">
						<label>$LOCALIZE[38406]</label>
					</control>
					<control type="spincontrolex" id="13">
						<label>$LOCALIZE[38400]</label>
					</control>
					<control type="radiobutton" id="14">
						<label>$LOCALIZE[19267]</label>
					</control>
				</control>
				<control type="group">
					<animation effect="slide" end="-450,0" time="300" tween="sine" easing="out" reversible="true" condition="!String.IsEmpty(Control.GetLabel(8027))">Conditional</animation>
					<include content="settings_right_title">
						<param name="label" value="$LOCALIZE[33029]" />
						<param name="slide" value="true" />
					</include>					
					<control type="image" id="8027">
						<left>3940</left>
						<top>360</top>
						<width>700</width>
						<height>900</height>
						<fadetime>common_fade_time</fadetime>
						<aspectratio aligny="bottom">keep</aspectratio>
						<texture>$INFO[Container(20).ListItem.Property(icon)]</texture>					
					</control>
					<include content="media_info_plot">
						<param name="left" value="3940" />
						<param name="top" value="1290" />
						<param name="width" value="700" />
						<param name="height" value="750" />	
						<param name="label" value="$VAR[media_plot]" />							
						<param name="visible" value="true" />
					</include>
					<include content="gradient_line">
						<param name="left" value="3840" />
						<param name="topline" value="1262" />
						<param name="topshadow" value="1262" />
						<param name="width" value="900" />
						<param name="flipy" value="true" />
						<param name="visible" value="true" />
					</include>
				</control>
				<control type="grouplist" id="9001">
					<left>450</left>
					<top>2040</top>
					<width>2940</width>
					<height>120</height>				
					<onup>13</onup>
					<ondown>13</ondown>
					<align>center</align>
					<orientation>horizontal</orientation>
					<include content="settings_floor_button">
						<param name="id" value="4" />
						<param name="label" value="$LOCALIZE[186]" />
						<param name="width" value="980" />
						<param name="visible" value="true" />
					</include>
					<include content="settings_floor_button">
						<param name="id" value="5" />
						<param name="label" value="$LOCALIZE[14070]" />
						<param name="width" value="980" />
						<param name="visible" value="true" />
					</include>
					<include content="settings_floor_button">
						<param name="id" value="6" />
						<param name="label" value="$LOCALIZE[222]" />
						<param name="width" value="980" />
						<param name="visible" value="true" />
					</include>
				</control>
				<include content="gradient_line">
					<param name="left" value="450" />
					<param name="topline" value="2040" />
					<param name="topshadow" value="2040" />
					<param name="width" value="2940" />
					<param name="flipy" value="true" />
					<param name="visible" value="true" />
				</include>
			</control>
		</control>
	</controls>
</window>