<?xml version="1.0" encoding="UTF-8"?>
<window><!-- Aeon MQ 9 -->
	<defaultcontrol always="true">9001</defaultcontrol>
	<onload condition="String.IsEmpty(Weather.Plugin)">ReplaceWindowAndFocus(ServiceSettings, -96,0, -79,0)</onload>
	<onload condition="!String.IsEmpty(Weather.Plugin) + String.IsEmpty(skin.string(resource.images.weathericons.path))">InstallAddon(resource.images.weathericons.animated)</onload>
	<controls>
		<include content="common_background">
			<param name="mask" value="white80" />	
			<param name="condition" value="true" />
		</include>
		<control type="group">
			<include>animation_window</include>	
			<include content="settings_center_title">
				<param name="label" value="$INFO[Window(weather).Property(Location)]" />
				<param name="width" value="2932" />
				<param name="labelwidth" value="2780" />
			</include>			
			<control type="group">
				<left>900</left>
				<top>360</top>
				<visible>String.IsEqual(Window(weather).Property(weather_view),today)</visible>	
				<control type="image">
					<left>100</left>
					<width>1432</width>
					<height>974</height>
					<texture colordiffuse="$INFO[skin.string(texture_base_color)]">weather_today_back.png</texture>
				</control>				
				<control type="label">
					<left>100</left>
					<top>30</top>
					<width>1000</width>
					<height>120</height>
					<align>center</align>
					<font>font_title_settings</font>
					<label>$INFO[Window(weather).Property(Current.Temperature)]$INFO[System.TemperatureUnits]</label>
				</control>
				<control type="label">
					<left>200</left>
					<top>160</top>
					<width>800</width>
					<height>60</height>
					<align>center</align>
					<label>$INFO[Window(weather).Property(Current.Condition)]</label>
					<font>font_plot</font>
				</control>
				<control type="label">
					<left>1108</left>
					<width>424</width>
					<height>240</height>
					<align>center</align>
					<label>$LOCALIZE[402][CR]$INFO[Window(weather).Property(Current.FeelsLike)]$INFO[System.TemperatureUnits]</label>
					<font>font_plot</font>
				</control>
				<control type="image">
					<left>100</left>
					<top>270</top>
					<width>1000</width>
					<height>640</height>
					<aspectratio align="center" aligny="top">keep</aspectratio>
					<texture>$VAR[weather_icons_path]$INFO[Window(weather).Property(Current.OutlookIcon)]</texture>
					<visible>![Skin.HasSetting(resource.images.weathericons.multi) | String.IsEmpty(skin.string(resource.images.weathericons.path))]</visible>
				</control>
				<control type="multiimage">
					<left>100</left>
					<top>270</top>
					<width>1000</width>
					<height>640</height>
					<timeperimage>75</timeperimage>
					<randomize>false</randomize>
					<fadetime>1</fadetime>
					<aspectratio align="center" aligny="top">keep</aspectratio>
					<imagepath>$VAR[weather_icons_path]$INFO[Window(weather).Property(Current.FanartCode)]</imagepath>
					<visible>Skin.HasSetting(resource.images.weathericons.multi) | String.IsEmpty(skin.string(resource.images.weathericons.path))</visible>
				</control>
				<control type="label">
					<left>1108</left>
					<top>248</top>
					<width>424</width>
					<height>90</height>
					<align>center</align>
					<label>$VAR[weather_season]</label>
					<font>font_plot</font>							
				</control>
				<control type="image">
					<left>1140</left>
					<top>450</top>
					<width>100</width>
					<height>100</height>
					<aspectratio>keep</aspectratio>
					<texture>arrow.png</texture>
					<colordiffuse>disable</colordiffuse>						
				</control>
				<control type="label">
					<left>1250</left>
					<top>450</top>
					<width>260</width>
					<height>120</height>
					<align>center</align>
					<label>$LOCALIZE[393][CR]$INFO[Window(weather).Property(Daily.1.HighTemperature)]</label>
					<font>font_plot</font>							
				</control>
				<control type="image">
					<left>1140</left>
					<top>750</top>
					<width>100</width>
					<height>100</height>
					<aspectratio>keep</aspectratio>
					<texture flipy="true">arrow.png</texture>
					<colordiffuse>active</colordiffuse>						
				</control>
				<control type="label">
					<left>1250</left>
					<top>750</top>
					<width>260</width>
					<height>120</height>
					<align>center</align>
					<label>$LOCALIZE[391][CR]$INFO[Window(weather).Property(Daily.1.LowTemperature)]</label>
					<font>font_plot</font>							
				</control>							
				<control type="grouplist">
					<left>1540</left>
					<width>1300</width>
					<height>1680</height>
					<itemgap>8</itemgap>
					<include content="weather_today"> 
						<param name="label" value="$LOCALIZE[31874]" />
						<param name="label2" value="$INFO[Window(weather).Property(Current.Precipitation)]" />
						<param name="visible" value="!String.IsEmpty(Window(weather).Property(Current.Precipitation))" />
					</include>
					<include content="weather_today"> 
						<param name="label" value="$LOCALIZE[375]" />
						<param name="label2" value="$INFO[Window(weather).Property(Current.Snow)]" />
						<param name="visible" value="!String.IsEmpty(Window(weather).Property(Current.Snow))" />
					</include>
					<include content="weather_today"> 
						<param name="label" value="$LOCALIZE[405]" />
						<param name="label2" value="$INFO[Window(weather).Property(Current.DewPoint)]" />
						<param name="visible" value="!String.IsEmpty(Window(weather).Property(Current.DewPoint))" />
					</include>
					<include content="weather_today"> 
						<param name="label" value="$LOCALIZE[403]" />
						<param name="label2" value="$INFO[Window(weather).Property(Current.UVIndex)]" />
						<param name="visible" value="!String.IsEmpty(Window(weather).Property(Current.UVIndex))" />
					</include>
					<include content="weather_today"> 
						<param name="label" value="$LOCALIZE[406]" />
						<param name="label2" value="$INFO[Window(weather).Property(Current.Humidity)]" />
						<param name="visible" value="!String.IsEmpty(Window(weather).Property(Current.Humidity))" />
					</include>
					<include content="weather_today"> 
						<param name="label" value="$LOCALIZE[404]" />
						<param name="label2" value="$INFO[Window(weather).Property(Current.Wind)]" />
						<param name="visible" value="!String.IsEmpty(Window(weather).Property(Current.Wind))" />
					</include>
					<include content="weather_today"> 
						<param name="label" value="$LOCALIZE[31875]" />
						<param name="label2" value="$INFO[Window(weather).Property(Current.Visibility)]" />
						<param name="visible" value="!String.IsEmpty(Window(weather).Property(Current.Visibility))" />
					</include>					
					<include content="weather_today"> 
						<param name="label" value="$LOCALIZE[1376]" />
						<param name="label2" value="$INFO[Window(weather).Property(Current.Pressure)]" />
						<param name="visible" value="!String.IsEmpty(Window(weather).Property(Current.Pressure))" />
					</include>					
					<include content="weather_today"> 
						<param name="label" value="$LOCALIZE[33027]" />
						<param name="label2" value="$INFO[Window(weather).Property(Today.Sunrise)]" />
						<param name="visible" value="!String.IsEmpty(Window(weather).Property(Today.Sunrise))" />
					</include>
					<include content="weather_today"> 
						<param name="label" value="$LOCALIZE[33028]" />
						<param name="label2" value="$INFO[Window(weather).Property(Today.Sunset)]" />
						<param name="visible" value="!String.IsEmpty(Window(weather).Property(Today.Sunset))" />
					</include>
				</control>				
				<control type="grouplist" id="600"> 
					<left>100</left>
					<top>1040</top>
					<width>2740</width>
					<height>600</height>				
					<itemgap>8</itemgap>
					<pagecontrol>80</pagecontrol>
					<orientation>horizontal</orientation>
					<visible>!String.IsEmpty(Window(weather).Property(Daily.IsFetched))</visible>				
					<include content="weather_hourly"> 
						<param name="hour" value="1" />
					</include>
					<include content="weather_hourly"> 
						<param name="hour" value="2" />
					</include>
					<include content="weather_hourly"> 
						<param name="hour" value="3" />
					</include>
					<include content="weather_hourly"> 
						<param name="hour" value="4" />
					</include>
					<include content="weather_hourly"> 
						<param name="hour" value="5" />
					</include>
					<include content="weather_hourly"> 
						<param name="hour" value="6" />
					</include>
					<include content="weather_hourly"> 
						<param name="hour" value="7" />
					</include>
					<include content="weather_hourly"> 
						<param name="hour" value="8" />
					</include>
					<include content="weather_hourly"> 
						<param name="hour" value="9" />
					</include>
					<include content="weather_hourly"> 
						<param name="hour" value="10" />
					</include>
					<include content="weather_hourly"> 
						<param name="hour" value="11" />
					</include>
					<include content="weather_hourly"> 
						<param name="hour" value="12" />
					</include>
					<include content="weather_hourly"> 
						<param name="hour" value="13" />
					</include>
					<include content="weather_hourly"> 
						<param name="hour" value="14" />
					</include>
					<include content="weather_hourly"> 
						<param name="hour" value="15" />
					</include>
					<include content="weather_hourly"> 
						<param name="hour" value="16" />
					</include>
					<include content="weather_hourly"> 
						<param name="hour" value="17" />
					</include>
					<include content="weather_hourly"> 
						<param name="hour" value="18" />
					</include>
					<include content="weather_hourly"> 
						<param name="hour" value="19" />
					</include>
					<include content="weather_hourly"> 
						<param name="hour" value="20" />
					</include>
					<include content="weather_hourly"> 
						<param name="hour" value="21" />
					</include>
					<include content="weather_hourly"> 
						<param name="hour" value="22" />
					</include>
					<include content="weather_hourly"> 
						<param name="hour" value="23" />
					</include>
					<include content="weather_hourly"> 
						<param name="hour" value="24" />
					</include>
					<include content="weather_hourly"> 
						<param name="hour" value="25" />
					</include>
					<include content="weather_hourly"> 
						<param name="hour" value="26" />
					</include>
					<include content="weather_hourly"> 
						<param name="hour" value="27" />
					</include>
					<include content="weather_hourly"> 
						<param name="hour" value="28" />
					</include>
					<include content="weather_hourly"> 
						<param name="hour" value="29" />
					</include>
					<include content="weather_hourly"> 
						<param name="hour" value="30" />
					</include>
					<include content="weather_hourly"> 
						<param name="hour" value="31" />
					</include>
					<include content="weather_hourly"> 
						<param name="hour" value="32" />
					</include>
					<include content="weather_hourly"> 
						<param name="hour" value="33" />
					</include>
					<include content="weather_hourly"> 
						<param name="hour" value="34" />
					</include>
				</control>
				<include content="scrollbar_horizontal">
					<param name="id" value="80" />
					<param name="left" value="100" />
					<param name="top" value="1680" />
					<param name="width" value="2740" />
					<param name="onup" value="9001" />
					<param name="ondown" value="9001" />
					<param name="hiddenfocus" value="true" />
					<param name="visible" value="true" />
				</include>
			</control>			
			<control type="group">
				<visible>String.IsEqual(Window(weather).Property(weather_view),daily)</visible>
				<control type="grouplist" id="601">
					<left>1000</left>
					<top>360</top>
					<width>2740</width>
					<height>1730</height>									
					<onleft>9001</onleft>
					<onright>81</onright>
					<onup>601</onup>
					<ondown>601</ondown>
					<itemgap>8</itemgap>
					<pagecontrol>81</pagecontrol>
					<include content="weather_daily">
						<param name="day" value="1" />
					</include>
					<include content="weather_daily">
						<param name="day" value="2" />
					</include>
					<include content="weather_daily">
						<param name="day" value="3" />
					</include>
					<include content="weather_daily">
						<param name="day" value="4" />
					</include>
					<include content="weather_daily">
						<param name="day" value="5" />
					</include>
					<include content="weather_daily">
						<param name="day" value="6" />
					</include>
					<include content="weather_daily">
						<param name="day" value="7" />
					</include>
					<include content="weather_daily">
						<param name="day" value="8" />
					</include>
					<include content="weather_daily">
						<param name="day" value="9" />
					</include>
					<include content="weather_daily">
						<param name="day" value="10" />
					</include>
					<include content="weather_daily">
						<param name="day" value="11" />
					</include>
					<include content="weather_daily">
						<param name="day" value="12" />
					</include>
					<include content="weather_daily">
						<param name="day" value="13" />
					</include>
					<include content="weather_daily">
						<param name="day" value="14" />
					</include>
					<include content="weather_daily">
						<param name="day" value="15" />
					</include>
					<include content="weather_daily">
						<param name="day" value="16" />
					</include>
				</control>
				<include content="scroll_bar_vertical">
					<param name="id" value="81" />
					<param name="left" value="3750" />
					<param name="top" value="360" />
					<param name="height" value="1730" />
					<param name="onleft" value="9002" />
					<param name="onright" value="9002" />
					<param name="hiddenfocus" value="false" />
					<param name="visible" value="true" />
				</include>
			</control>
			<control type="group">
				<onright>5200</onright>
				<visible>String.IsEqual(Window(weather).Property(weather_view),maps)</visible>
				<control type="group" id="5200">
					<control type="label">
						<left>900</left>
						<top>190</top>
						<width>2940</width>
						<height>148</height>
						<align>center</align>
						<aligny>center</aligny>
						<font>font_list</font>
						<label>$LOCALIZE[31844]$INFO[Container(53).ListItem.Label, - ]</label>
					</control>
					<control type="list" id="53">
						<left>900</left>
						<width>2940</width>
						<heigth>1680</heigth>
						<onleft>450</onleft>
						<onright>82</onright>
						<pagecontrol>82</pagecontrol>
						<itemlayout height="1484" width="2742">
							<control type="image">
								<left>1040</left>
								<height>1484</height>
								<width>2742</width>
								<texture>white.png</texture>
								<colordiffuse>dark</colordiffuse>
							</control>
							<control type="image">
								<top>16</top>
								<height>1472</height>
								<width>2680</width>
								<texture>$INFO[ListItem.Icon]</texture>
								<aspectratio>scale</aspectratio>
							</control>
							<control type="image">
								<top>16</top>
								<height>1472</height>
								<width>2680</width>
								<texture>$INFO[ListItem.Property(Layer)]</texture>
								<aspectratio>scale</aspectratio>
								<colordiffuse>70FFFFFF</colordiffuse>
							</control>
							<control type="image">
								<left>1980</left>
								<top>1350</top>
								<height>104</height>
								<width>672</width>
								<texture>$INFO[ListItem.Label2]</texture>
							</control>
						</itemlayout>
						<focusedlayout height="1484" width="2742">
							<control type="image">
								<left>1040</left>
								<height>1484</height>
								<width>2742</width>
								<texture>white.png</texture>
								<colordiffuse>dark</colordiffuse>
							</control>
							<control type="image">
								<top>16</top>
								<height>1472</height>
								<width>2680</width>
								<texture>$INFO[ListItem.Icon]</texture>
								<aspectratio>scale</aspectratio>
							</control>
							<control type="image">
								<top>16</top>
								<height>1472</height>
								<width>2680</width>
								<texture>$INFO[ListItem.Property(Layer)]</texture>
								<aspectratio>scale</aspectratio>
								<colordiffuse>70ffffff</colordiffuse>
							</control>
							<control type="image">
								<left>1980</left>
								<top>1350</top>
								<width>672</width>
								<height>104</height>
								<texture>$INFO[ListItem.Label2]</texture>
							</control>
						</focusedlayout>
						<content>
							<include content="weather_map">
								<param name="item" value="1" />
							</include>
							<include content="weather_map">
								<param name="item" value="2" />
							</include>
							<include content="weather_map">
								<param name="item" value="3" />
							</include>
							<include content="weather_map">
								<param name="item" value="4" />
							</include>
							<include content="weather_map">
								<param name="item" value="5" />
							</include>							
						</content>
					</control>
					<include content="scroll_bar_vertical">
						<param name="id" value="82" />
						<param name="left" value="3750" />
						<param name="top" value="400" />
						<param name="height" value="1506" />
						<param name="onleft" value="53" />
						<param name="onright" value="9001" />
						<param name="hiddenfocus" value="false" />
						<param name="visible" value="true" />
					</include>
				</control>
			</control>
			<control type="grouplist" id="1000">
				<left>900</left>
				<top>360</top>
				<width>2940</width>
				<height>1800</height>				
				<onleft>9000</onleft>
				<onright>9000</onright>
				<onup>1000</onup>
				<ondown>1000</ondown>
				<visible>String.IsEqual(Window(weather).Property(weather_view),settings)</visible>
				<control type="button" id="2">						
					<label2>$LOCALIZE[12014]: $INFO[Window(weather).Property(Forecast.Updated)]</label2>
				</control>
				<control type="spincontrolex" id="3">						
					<label>$LOCALIZE[396]</label>
				</control>
				<control type="button" id="120">						
					<label>31873</label>
					<onclick>ActivateWindowAndFocus(ServiceSettings, -96,0, -79,0)</onclick>
				</control>
			</control>
			<include content="settings_left_title">
				<param name="label" value="31202" />
			</include>			
			<control type="grouplist" id="9000">
				<top>360</top>
				<width>900</width>
				<height>1800</height>				
				<onleft>9900</onleft>
				<onup>9000</onup>
				<ondown>9000</ondown>
				<control type="button" id="9001">
					<width>900</width>
					<label>31843</label>
					<onright>80</onright>
					<onfocus>SetProperty(weather_view,today)</onfocus>
					<visible>!String.IsEmpty(Window(weather).Property(Current.IsFetched))</visible>
				</control>
				<control type="button" id="9002">
					<width>900</width>
					<label>31842</label>
					<onright>81</onright>
					<onfocus>SetProperty(weather_view,daily)</onfocus>
					<visible>!String.IsEmpty(Window(weather).Property(Daily.IsFetched))</visible>
				</control>
				<control type="button" id="9003">
					<width>900</width>
					<label>31844</label>
					<onfocus>SetProperty(weather_view,maps)</onfocus>
					<visible>!String.IsEmpty(Window(weather).Property(Map.IsFetched))</visible>
				</control>
				<control type="button" id="9004">
					<width>900</width>
					<label>31261</label>
					<onright>1000</onright>
					<onfocus>SetProperty(weather_view,settings)</onfocus>
				</control>
			</control>			
			<include>mask_background</include>
		</control>
	</controls>
</window>