<?xml version="1.0" encoding="UTF-8"?>
<window><!-- Aeon MQ 9 -->
	<defaultcontrol>8</defaultcontrol>
	<controls>
		<control type="videowindow" id="20">
		</control>
		<control type="mover" id="8">
			<left>0</left>
			<top>0</top>
			<width>384</width>
			<height>384</height>
			<texturefocus colordiffuse="$INFO[skin.string(header_color)]">calibrate_top_left.png</texturefocus>
			<texturenofocus>calibrate_top_left.png</texturenofocus>
		</control>
		<control type="mover" id="9">
			<left>2100</left>
			<top>1500</top>
			<width>384</width>
			<height>384</height>
			<texturefocus colordiffuse="$INFO[skin.string(header_color)]">calibrate_bottom_right.png</texturefocus>
			<texturenofocus>calibrate_bottom_right.png</texturenofocus>
		</control>
		<control type="mover" id="10">
			<left>600</left>
			<top>1500</top>
			<width>1536</width>
			<height>384</height>
			<texturefocus colordiffuse="$INFO[skin.string(header_color)]">calibrate_subtitles.png</texturefocus>
			<texturenofocus>calibrate_subtitles.png</texturenofocus>
		</control>
		<control type="resize" id="11">
			<left>0</left>
			<top>810</top>
			<width>864</width>
			<height>864</height>
			<texturefocus colordiffuse="$INFO[skin.string(header_color)]">calibrate_pixel_ratio.png</texturefocus>
			<texturenofocus>calibrate_pixel_ratio.png</texturenofocus>
			<pulseonselect>false</pulseonselect>
		</control>
		<control type="group">
			<left>720</left>
			<top>180</top>
			<control type="label" id="2">
				<left>60</left>
				<top>30</top>
				<width>2250</width>
				<align>center</align>
				<font>font_plot</font>				
			</control>
			<control type="label" id="3">
				<left>60</left>
				<top>120</top>
				<width>2250</width>
				<align>center</align>
				<font>font_plot</font>				
			</control>
			<control type="label" id="4">
				<description>calibration value</description>
				<left>60</left>
				<top>210</top>
				<width>2250</width>
				<align>center</align>
				<label></label>
				<font>font_plot</font>			
			</control>
		</control>
	</controls>
</window>