<?xml version="1.0" encoding="UTF-8"?>
<includes><!-- Aeon MQ 9 -->
	<include name="top_menu">
		<control type="image">
			<texture colordiffuse="$INFO[skin.string(texture_base_color)]">white50.png</texture>
			<include>animation_fade</include>
			<visible>ControlGroup(20000).HasFocus | ControlGroup(20101).HasFocus | ControlGroup(20201).HasFocus | ControlGroup(20301).HasFocus | ControlGroup(20401).HasFocus | ControlGroup(20501).HasFocus</visible>
		</control>	
		<control type="group">
			<include>animation_fade</include>
			<visible>![Window.IsVisible(yesnodialog) | Window.IsVisible(progressdialog) | Window.IsVisible(shutdownmenu)]</visible>
			<control type="grouplist" id="20101">
				<left>2</left>
				<top>-958</top>
				<width>954</width>
				<height>900</height>
				<onleft>ClearProperty(top_menu_show,home)</onleft>
				<onleft>ClearProperty(top_menu_group,home)</onleft>					
				<onleft>50</onleft>
				<onright>20200</onright>
				<onup>20100</onup>
				<animation effect="slide" start="0,0" end="0,1050" time="600" tween="sine" easing="inout" condition="String.IsEqual(Window(home).Property(top_menu_group),1)">Conditional</animation>
				<control type="button" id="20102">
					<include content="topmenu_conditional_button">
						<param name="label" value="$VAR[kiosk_code_label]" />
						<param name="visible" value="Skin.HasSetting(kiosk_code)" />
					</include>
					<onclick condition="!String.IsEqual(skin.string(kiosk_code_step),step3)">SetFocus(50)</onclick>
					<onclick condition="!String.IsEqual(skin.string(kiosk_code_step),step3)">ActivateWindow(1151)</onclick>
					<onclick condition="String.IsEqual(skin.string(kiosk_code_step),step3)">Skin.Reset(kiosk_code_step)</onclick>
				</control>				
				<include content="topmenu_button">
					<param name="id" value="20103" />
					<param name="label" value="$LOCALIZE[31410]" />
					<param name="function1" value="ReplaceWindow(home)" />
					<param name="function2" value="" />
					<param name="visible" value="true" />
				</include>
				<include content="topmenu_button">
					<param name="id" value="20104" />
					<param name="label" value="$LOCALIZE[31001] ($LOCALIZE[31437])" />
					<param name="function1" value="ReplaceWindow(Videos,Root)" />
					<param name="function2" value="" />
					<param name="visible" value="Container.Content(Movies) | Container.Content(MusicVideos) | Container.Content(TvShows) | Container.Content(Seasons) | Container.Content(Episodes)" />
				</include>
				<include content="topmenu_button">
					<param name="id" value="20105" />
					<param name="label" value="$LOCALIZE[31003]" />
					<param name="function1" value="ActivateWindow(videos,movietitles,return)" />
					<param name="function2" value="" />
					<param name="visible" value="!Container.Content(Movies) + Library.HasContent(Movies)" />
				</include>
				<include content="topmenu_button">
					<param name="id" value="20106" />
					<param name="label" value="$LOCALIZE[31029]" />
					<param name="function1" value="ActivateWindow(videos,moviesets,return)" />
					<param name="function2" value="" />
					<param name="visible" value="!Container.Content(Sets) + Library.HasContent(MovieSets)" />
				</include>
				<include content="topmenu_button">
					<param name="id" value="20107" />
					<param name="label" value="$LOCALIZE[31005]" />
					<param name="function1" value="ActivateWindow(videos,tvshowtitles,return)" />
					<param name="function2" value="" />
					<param name="visible" value="![Container.Content(TvShows) | Container.Content(Seasons) | Container.Content(Episodes)] + Library.HasContent(TVShows)" />
				</include>
				<include content="topmenu_button">
					<param name="id" value="20108" />
					<param name="label" value="$LOCALIZE[31006]" />
					<param name="function1" value="ActivateWindow(tv)" />
					<param name="function2" value="" />
					<param name="visible" value="!Container.Content(LiveTV) + System.GetBool(pvrmanager.enabled)" />
				</include>
				<include content="topmenu_button">
					<param name="id" value="20109" />
					<param name="label" value="$LOCALIZE[31013]" />
					<param name="function1" value="ActivateWindow(videos,musicvideotitles,return)" />
					<param name="function2" value="" />
					<param name="visible" value="!Container.Content(MusicVideos) + Library.HasContent(MusicVideos)" />
				</include>
				<include content="topmenu_button">
					<param name="id" value="20110" />
					<param name="label" value="$LOCALIZE[31002]" />
					<param name="function1" value="ActivateWindow(music)" />
					<param name="function2" value="" />
					<param name="visible" value="![Window.IsActive(musicplaylist) | Window.IsActive(music)] + Library.HasContent(Music)" />
				</include>
				<include content="topmenu_button">
					<param name="id" value="20111" />
					<param name="label" value="$LOCALIZE[31067]" />
					<param name="function1" value="RunScript(script.tv.show.next.aired)" />
					<param name="function2" value="" />
					<param name="visible" value="[Container.Content(TvShows) | Container.Content(Episodes)] + system.hasaddon(script.tv.show.next.aired)" />
				</include>
				<include content="topmenu_button">
					<param name="id" value="20112" />
					<param name="label" value="$LOCALIZE[31024]" />
					<param name="function1" value="ActivateWindow(videos,addons,return)" />
					<param name="function2" value="" />
					<param name="visible" value="$EXP[kiosk_code_control] + [Window.IsActive(videos) | Window.IsActive(videos) | Window.IsActive(videoplaylist)]" />
				</include>
				<include content="topmenu_button">
					<param name="id" value="20113" />
					<param name="label" value="$LOCALIZE[31027]" />
					<param name="function1" value="ActivateWindow(programs,addons,return)" />
					<param name="function2" value="" />
					<param name="visible" value="$EXP[kiosk_code_control]" />
				</include>
				<include content="topmenu_button">
					<param name="id" value="20114" />
					<param name="label" value="$LOCALIZE[31488]" />
					<param name="function1" value="SetFocus(50)" />
					<param name="function2" value="ActivateWindow(PlayerSettings)" />
					<param name="visible" value="$EXP[kiosk_code_control]" />
				</include>
				<include content="topmenu_button">
					<param name="id" value="20115" />
					<param name="label" value="$LOCALIZE[31375]" />
					<param name="function1" value="SetFocus(50)" />
					<param name="function2" value="ActivateWindow(4)" />
					<param name="visible" value="$EXP[kiosk_code_control]" />
				</include>
			</control>
			<control type="grouplist" id="20201">
				<left>964</left>
				<top>-1350</top>
				<width>954</width>
				<height>1350</height>				
				<onleft>20100</onleft>
				<onright>20300</onright>
				<onup>20200</onup>
				<animation effect="slide" start="0,0" end="0,1442" time="600" tween="sine" easing="inout" condition="String.IsEqual(Window(home).Property(top_menu_group),2)">Conditional</animation>
				<include content="topmenu_button">
					<param name="id" value="20202" />
					<param name="label" value="$LOCALIZE[31141] | $LOCALIZE[31135]$INFO[Container.Viewmode] $VAR[topmenu_view_custom_label]" />
					<param name="function1" value="SetProperty(top_menu_group,5,home)" />
					<param name="function2" value="SetFocus(20501)" />
					<param name="visible" value="Integer.IsGreater(Container.ViewCount,1)" />
				</include>				
				<include content="topmenu_pvr_button">
					<param name="id" value="20230" />
					<param name="label" value="$LOCALIZE[31067]" />
					<param name="action" value="guide" />
					<param name="visible" value="Window.IsActive(tvchannels) | Window.IsActive(radiochannels)" />
				</include>
				<include content="topmenu_pvr_button">
					<param name="id" value="20231" />
					<param name="label" value="$LOCALIZE[19163]" />
					<param name="action" value="recordings" />
					<param name="visible" value="Window.IsActive(tvchannels) | Window.IsActive(radiochannels)" />
				</include>
				<include content="topmenu_button">
					<param name="id" value="5" />
					<param name="label" value="$LOCALIZE[19270]" />
					<param name="function1" value="" />
					<param name="function2" value="" />
					<param name="visible" value="Window.IsActive(tvrecordings) | Window.IsActive(radiorecordings)" />
				</include>
				<include content="topmenu_pvr_button">
					<param name="id" value="20232" />
					<param name="label" value="$LOCALIZE[19040]" />
					<param name="action" value="timers" />
					<param name="visible" value="Window.IsActive(tvchannels) | Window.IsActive(radiochannels)" />
				</include>
				<include content="topmenu_pvr_button">
					<param name="id" value="20233" />
					<param name="label" value="$LOCALIZE[137]" />
					<param name="action" value="search" />
					<param name="visible" value="Window.IsActive(tvchannels) | Window.IsActive(radiochannels)" />
				</include>
				<include content="topmenu_button">
					<param name="id" value="2" />
					<param name="label" value="" />
					<param name="function1" value="" />
					<param name="function2" value="" />
					<param name="visible" value="Window.IsActive(tvguide) | Window.IsActive(radioguide)" />
				</include>							
				<include content="topmenu_label">
					<param name="id" value="20235" />
					<param name="label" value="$LOCALIZE[31134]" />
					<param name="visible" value="true" />
				</include>
				<include content="topmenu_button">
					<param name="id" value="20236" />
					<param name="label" value="$LOCALIZE[31211]" />
					<param name="function1" value="Skin.SetString(view$INFO[Container.Viewmode].customlabel)" />
					<param name="function2" value="" />
					<param name="visible" value="true" />
				</include>

				<include content="topmenu_discart_button">
					<param name="id" value="01" />
					<param name="view" value="50" />
					<param name="content" value="videos" />
				</include>
				<include content="topmenu_discart_button">
					<param name="id" value="02" />
					<param name="view" value="50" />
					<param name="content" value="music" />
				</include>
				<include content="topmenu_case_radiobutton">
					<param name="id" value="03" />
					<param name="view" value="50" />
					<param name="content" value="videos" />
				</include>								
				<include content="topmenu_case_options_button">
					<param name="id" value="04" />
					<param name="view" value="50" />
					<param name="content" value="videos" />
				</include>				
				<include content="topmenu_case_flag_radiobutton">
					<param name="id" value="05" />
					<param name="view" value="50" />
					<param name="content" value="videos" />
				</include>
				<include content="topmenu_case_radiobutton">
					<param name="id" value="06" />
					<param name="view" value="50" />
					<param name="content" value="music" />
				</include>	
				<include content="topmenu_case_options_button">
					<param name="id" value="07" />
					<param name="view" value="50" />
					<param name="content" value="music" />
				</include>
				<include content="topmenu_case_flag_radiobutton">
					<param name="id" value="08" />
					<param name="view" value="50" />
					<param name="content" value="music" />
				</include>				
				<include content="topmenu_art_radiobutton">
					<param name="id" value="09" />
					<param name="view" value="50" />
					<param name="visible" value="true" />
				</include>								
				
				<include content="topmenu_art_as_title_radiobutton">
					<param name="id" value="01" />
					<param name="view" value="51" />
				</include>
				<include content="topmenu_panel_button">
					<param name="id" value="02" />
					<param name="view" value="51" />
				</include>
				<include content="topmenu_rating_radiobutton">
					<param name="id" value="03" />
					<param name="view" value="51" />
				</include>
				<include content="topmenu_art_radiobutton">
					<param name="id" value="04" />
					<param name="view" value="51" />
					<param name="visible" value="true" />
				</include>
				<include content="topmenu_discart_button">
					<param name="id" value="05" />
					<param name="view" value="51" />
					<param name="content" value="videos" />
				</include>
				<include content="topmenu_case_radiobutton">
					<param name="id" value="06" />
					<param name="view" value="51" />
					<param name="content" value="videos" />
				</include>		
				<include content="topmenu_case_options_button">
					<param name="id" value="07" />
					<param name="view" value="51" />
					<param name="content" value="videos" />
				</include>
				<include content="topmenu_case_flag_radiobutton">
					<param name="id" value="08" />
					<param name="view" value="51" />
					<param name="content" value="videos" />
				</include>
				<include content="topmenu_discart_button">
					<param name="id" value="09" />
					<param name="view" value="51" />
					<param name="content" value="music" />
				</include>
				<include content="topmenu_case_radiobutton">
					<param name="id" value="10" />
					<param name="view" value="51" />
					<param name="content" value="music" />
				</include>	
				<include content="topmenu_case_options_button">
					<param name="id" value="11" />
					<param name="view" value="51" />
					<param name="content" value="music" />
				</include>
				<include content="topmenu_case_flag_radiobutton">
					<param name="id" value="12" />
					<param name="view" value="51" />
					<param name="content" value="music" />
				</include>

				<include content="topmenu_art_as_title_radiobutton">
					<param name="id" value="01" />
					<param name="view" value="52" />
				</include>
				<control type="button" id="2025202">
					<include content="topmenu_conditional_button">
						<param name="label" value="$VAR[topmenu_view_52_panel_label]" />
						<param name="visible" value="Control.IsVisible(52)" />
					</include>
					<onclick condition="String.IsEqual(skin.string(view_52_panel),always)">Skin.SetString(view_52_panel,auto)</onclick>
					<onclick condition="String.IsEqual(skin.string(view_52_panel),auto)">Skin.SetString(view_52_panel,off)</onclick>
					<onclick condition="String.IsEqual(skin.string(view_52_panel),off)">Skin.SetString(view_52_panel,always)</onclick>
				</control>
				<include content="topmenu_radiobutton">
					<param name="id" value="2025203" />
					<param name="label" value="$LOCALIZE[31253]" />
					<param name="function" value="Skin.ToggleSetting(view_52_plot_off)" />
					<param name="selected" value="!Skin.HasSetting(view_52_plot_off)" />
					<param name="visible" value="Control.IsVisible(52) + !Skin.HasSetting(view_52_videos_grid_small)" />
				</include>				
				<include content="topmenu_rating_radiobutton">
					<param name="id" value="04" />
					<param name="view" value="52" />
				</include>
				<include content="topmenu_art_radiobutton">
					<param name="id" value="05" />
					<param name="view" value="52" />
					<param name="visible" value="true" />
				</include>
				<include content="topmenu_fade_radiobutton">
					<param name="id" value="06" />
					<param name="view" value="52" />
				</include>
				<include content="topmenu_toggle_button">
					<param name="id" value="2025207" />
					<param name="label" value="$LOCALIZE[31511] - $VAR[topmenu_view_52_videos_grid_label]" />
					<param name="altlabel" value="$LOCALIZE[31511] - $VAR[topmenu_view_52_videos_grid_label]" />
					<param name="function" value="Skin.ToggleSetting(view_52_videos_grid_small)" />
					<param name="function1" value="ReloadSkin()" />
					<param name="visible" value="Control.IsVisible(52)" />
				</include>					
				
				<include content="topmenu_art_as_title_radiobutton">
					<param name="id" value="01" />
					<param name="view" value="53" />
				</include>
				<include content="topmenu_panel_button">
					<param name="id" value="02" />
					<param name="view" value="53" />
				</include>
				<include content="topmenu_rating_radiobutton">
					<param name="id" value="03" />
					<param name="view" value="53" />
				</include>
				<include content="topmenu_art_radiobutton">
					<param name="id" value="04" />
					<param name="view" value="53" />
					<param name="visible" value="!Skin.HasSetting(view_53_panel_layout,extrathumbs)" />
				</include>
				<control type="radiobutton" id="2025305">
					<include content="topmenu_conditional_radiobutton">
						<param name="label" value="$LOCALIZE[31322] - $LOCALIZE[31477] ($LOCALIZE[31094])" />
						<param name="visible" value="Control.IsVisible(53)" />
					</include>					
					<onclick>Skin.ToggleSetting(view_53_panel_layout,extrathumbs)</onclick>
					<onclick condition="!Skin.HasSetting(view_53_panel_layout,extrathumbs) + !System.HasAddon(script.artwork.downloader)">InstallAddon(script.artwork.downloader)</onclick>
					<selected>Skin.HasSetting(view_53_panel_layout,extrathumbs)</selected>
				</control>
				<include content="topmenu_button">
					<param name="id" value="2025306" />
					<param name="label" value=" - $LOCALIZE[31548]" />
					<param name="function1" value="RunScript(script.artwork.downloader, mode=custom, mediatype=$INFO[ListItem.DbType], extrathumbs)" />
					<param name="function2" value="" />
					<param name="visible" value="Control.IsVisible(53) + Skin.HasSetting(view_53_panel_layout,extrathumbs)" />
				</include>
				<include content="topmenu_discart_button">
					<param name="id" value="07" />
					<param name="view" value="53" />
					<param name="content" value="videos" />
				</include>
				<include content="topmenu_case_radiobutton">
					<param name="id" value="08" />
					<param name="view" value="53" />
					<param name="content" value="videos" />
				</include>		
				<include content="topmenu_case_options_button">
					<param name="id" value="09" />
					<param name="view" value="53" />
					<param name="content" value="videos" />
				</include>
				<include content="topmenu_case_flag_radiobutton">
					<param name="id" value="10" />
					<param name="view" value="53" />
					<param name="content" value="videos" />
				</include>				
				<include content="topmenu_radiobutton">
					<param name="id" value="2025311" />
					<param name="label" value="$LOCALIZE[31492]" />
					<param name="function" value="Skin.ToggleSetting(view_53_videos_stacked_off)" />
					<param name="selected" value="!Skin.HasSetting(view_53_videos_stacked_off)" />
					<param name="visible" value="Control.IsVisible(53) + Window.IsActive(videos)" />
				</include>
				<include content="topmenu_wraplist_radiobutton">
					<param name="id" value="12" />
					<param name="view" value="53" />
					<param name="content" value="videos" />
				</include>

				<include content="topmenu_art_as_title_radiobutton">
					<param name="id" value="01" />
					<param name="view" value="54" />
				</include>
				<include content="topmenu_panel_button">
					<param name="id" value="02" />
					<param name="view" value="54" />
				</include>
				<include content="topmenu_rating_radiobutton">
					<param name="id" value="03" />
					<param name="view" value="54" />
				</include>
				<include content="topmenu_fade_radiobutton">
					<param name="id" value="04" />
					<param name="view" value="54" />
				</include>				
				<control type="radiobutton" id="2025405">
					<include>topmenu_common_dimensions_radiobutton</include>							
					<label>$LOCALIZE[31486]</label>
					<onclick>Skin.ToggleSetting(view_54_videos_case_off)</onclick>
					<selected>!Skin.HasSetting(view_54_videos_case_off)</selected>
					<visible>[Control.IsVisible(54) + $EXP[view_videos_case_control]] + [[Container.Content(movies) | Container.Content(sets)] + String.IsEqual(skin.string(view_54_movies_art),poster) | Container.Content(tvshows) + String.IsEqual(skin.string(view_54_tvshows_art),poster)]</visible>
				</control>
				<control type="button" id="2025406">
					<include>topmenu_common_dimensions_button</include>
					<label>$LOCALIZE[31298]</label>				
					<onclick>ActivateWindowAndFocus(SkinSettings, 9004,0 ,25006,0)</onclick>
					<visible>[Control.IsVisible(54) + !Skin.HasSetting(view_54_videos_case_off) + $EXP[view_videos_case_control]] + [[Container.Content(movies) | Container.Content(sets)] + String.IsEqual(skin.string(view_54_movies_art),poster) | Container.Content(tvshows) + String.IsEqual(skin.string(view_54_tvshows_art),poster)]</visible>
				</control>
				<control type="radiobutton" id="2025407">
					<include>topmenu_common_dimensions_radiobutton</include>							
					<label>$LOCALIZE[31533]</label>
					<onclick>Skin.ToggleSetting(view_54_videos_case_flag_off)</onclick>
					<selected>!Skin.HasSetting(view_54_videos_case_flag_off)</selected>
					<visible>[Control.IsVisible(54) + !Skin.HasSetting(view_54_videos_case_off) + $EXP[view_videos_case_control]] + [[Container.Content(movies) | Container.Content(sets)] + String.IsEqual(skin.string(view_54_movies_art),poster) | Container.Content(tvshows) + String.IsEqual(skin.string(view_54_tvshows_art),poster)]</visible>
				</control>
				<control type="button" id="2025408">
					<include content="topmenu_conditional_button">
						<param name="label" value="$LOCALIZE[31408] - $VAR[topmenu_view_54_movies_art_label]" />
						<param name="visible" value="Control.IsVisible(54) + [Container.Content(movies) | Container.Content(sets)]" />
					</include>
					<onclick condition="String.IsEqual(skin.string(view_54_movies_art),poster)">Skin.SetString(view_54_movies_art,clearart)</onclick>
					<onclick condition="String.IsEqual(skin.string(view_54_movies_art),clearart)">Skin.SetString(view_54_movies_art,clearlogo)</onclick>
					<onclick condition="String.IsEqual(skin.string(view_54_movies_art),clearlogo)">Skin.SetString(view_54_movies_art,discart)</onclick>
					<onclick condition="String.IsEqual(skin.string(view_54_movies_art),discart)">Skin.SetString(view_54_movies_art,landscape)</onclick>
					<onclick condition="String.IsEqual(skin.string(view_54_movies_art),landscape)">Skin.SetString(view_54_movies_art,poster)</onclick>
				</control>
				<control type="button" id="2025409">
					<include content="topmenu_conditional_button">
						<param name="label" value="$LOCALIZE[31408] - $VAR[topmenu_view_54_tvshows_art_label]" />
						<param name="visible" value="Control.IsVisible(54) + Container.Content(tvshows)" />
					</include>
					<onclick condition="String.IsEqual(skin.string(view_54_tvshows_art),poster)">Skin.SetString(view_54_tvshows_art,clearart)</onclick>
					<onclick condition="String.IsEqual(skin.string(view_54_tvshows_art),clearart)">Skin.SetString(view_54_tvshows_art,clearlogo)</onclick>
					<onclick condition="String.IsEqual(skin.string(view_54_tvshows_art),clearlogo)">Skin.SetString(view_54_tvshows_art,landscape)</onclick>
					<onclick condition="String.IsEqual(skin.string(view_54_tvshows_art),landscape)">Skin.SetString(view_54_tvshows_art,poster)</onclick>
				</control>

				
				<include content="topmenu_discart_button">
					<param name="id" value="01" />
					<param name="view" value="55" />
					<param name="content" value="videos" />
				</include>
				<include content="topmenu_discart_button">
					<param name="id" value="02" />
					<param name="view" value="55" />
					<param name="content" value="music" />
				</include>
				<include content="topmenu_case_radiobutton">
					<param name="id" value="03" />
					<param name="view" value="55" />
					<param name="content" value="videos" />
				</include>
				<include content="topmenu_case_radiobutton">
					<param name="id" value="04" />
					<param name="view" value="55" />
					<param name="content" value="music" />
				</include>				
				<include content="topmenu_case_options_button">
					<param name="id" value="05" />
					<param name="view" value="55" />
					<param name="content" value="videos" />
				</include>
				<include content="topmenu_case_options_button">
					<param name="id" value="06" />
					<param name="view" value="55" />
					<param name="content" value="music" />
				</include>
				<include content="topmenu_case_flag_radiobutton">
					<param name="id" value="07" />
					<param name="view" value="55" />
					<param name="content" value="videos" />
				</include>
				<include content="topmenu_case_flag_radiobutton">
					<param name="id" value="08" />
					<param name="view" value="55" />
					<param name="content" value="music" />
				</include>
				<include content="topmenu_art_radiobutton">
					<param name="id" value="09" />
					<param name="view" value="55" />
					<param name="visible" value="true" />
				</include>								
				<include content="topmenu_radiobutton">
					<param name="id" value="2025511" />
					<param name="label" value="$LOCALIZE[31490]" />
					<param name="function" value="Skin.ToggleSetting(view_55_list_slim)" />
					<param name="selected" value="Skin.HasSetting(view_55_list_slim)" />
					<param name="visible" value="Control.IsVisible(55)" />
				</include>
				
				<include content="topmenu_art_as_title_radiobutton">
					<param name="id" value="01" />
					<param name="view" value="56" />
				</include>
				<control type="button" id="2025602">
					<include>topmenu_common_dimensions_button</include>							
					<label>$VAR[topmenu_view_56_panel_label]</label>
					<onclick condition="String.IsEqual(skin.string(view_56_panel),always)">Skin.SetString(view_56_panel,auto)</onclick>
					<onclick condition="String.IsEqual(skin.string(view_56_panel),auto)">Skin.SetString(view_56_panel,off)</onclick>
					<onclick condition="String.IsEqual(skin.string(view_56_panel),off)">Skin.SetString(view_56_panel,always)</onclick>
					<visible>Control.IsVisible(56)</visible>
				</control>			
				<include content="topmenu_rating_radiobutton">
					<param name="id" value="03" />
					<param name="view" value="56" />
				</include>
				<include content="topmenu_art_radiobutton">
					<param name="id" value="04" />
					<param name="view" value="56" />
					<param name="visible" value="true" />
				</include>				
				<include content="topmenu_case_radiobutton">
					<param name="id" value="05" />
					<param name="view" value="56" />
					<param name="content" value="videos" />
				</include>
				<include content="topmenu_case_options_button">
					<param name="id" value="06" />
					<param name="view" value="56" />
					<param name="content" value="videos" />
				</include>
				<include content="topmenu_case_flag_radiobutton">
					<param name="id" value="07" />
					<param name="view" value="56" />
					<param name="content" value="videos" />
				</include>
				<include content="topmenu_case_radiobutton">
					<param name="id" value="08" />
					<param name="view" value="56" />
					<param name="content" value="music" />
				</include>
				<include content="topmenu_case_options_button">
					<param name="id" value="09" />
					<param name="view" value="56" />
					<param name="content" value="music" />
				</include>
				<include content="topmenu_case_flag_radiobutton">
					<param name="id" value="10" />
					<param name="view" value="56" />
					<param name="content" value="music" />
				</include>				
				<include content="topmenu_fade_radiobutton">
					<param name="id" value="11" />
					<param name="view" value="56" />
				</include>
				<include content="topmenu_radiobutton">
					<param name="id" value="2025612" />
					<param name="label" value="$LOCALIZE[31511] - $LOCALIZE[31514]" />
					<param name="function" value="Skin.ToggleSetting(view_56_videos_big)" />
					<param name="selected" value="Skin.HasSetting(view_56_videos_big)" />
					<param name="visible" value="Control.IsVisible(56) + Window.IsActive(videos)" />
				</include>
				<include content="topmenu_radiobutton">
					<param name="id" value="2025613" />
					<param name="label" value="$LOCALIZE[31511] - $LOCALIZE[31514]" />
					<param name="function" value="Skin.ToggleSetting(view_56_music_big)" />
					<param name="selected" value="Skin.HasSetting(view_56_music_big)" />
					<param name="visible" value="Control.IsVisible(56) + [Window.IsActive(music) | Window.IsActive(musicplaylist)]" />
				</include>
				<include content="topmenu_radiobutton">
					<param name="id" value="2025614" />
					<param name="label" value="$LOCALIZE[31511] - $LOCALIZE[31514]" />
					<param name="function" value="Skin.ToggleSetting(view_56_pvr_big)" />
					<param name="selected" value="Skin.HasSetting(view_56_pvr_big)" />
					<param name="visible" value="Control.IsVisible(56) + [Window.IsActive(tvchannels) | Window.IsActive(radiochannels)]" />
				</include>
				<include content="topmenu_radiobutton">
					<param name="id" value="2025615" />
					<param name="label" value="$LOCALIZE[31511] - $LOCALIZE[31514]" />
					<param name="function" value="Skin.ToggleSetting(view_56_programs_big)" />
					<param name="selected" value="Skin.HasSetting(view_56_programs_big)" />
					<param name="visible" value="Control.IsVisible(56) + Window.IsActive(programs)" />
				</include>
				
				<control type="button" id="2025701">
					<include content="topmenu_conditional_button">
						<param name="label" value=" - $LOCALIZE[31548]" />
						<param name="visible" value="Control.IsVisible(57)" />
					</include>
					<onclick condition="!System.HasAddon(script.artwork.downloader)">InstallAddon(script.artwork.downloader)</onclick>
					<onclick condition="System.HasAddon(script.artwork.downloader)">RunScript(script.artwork.downloader, mode=custom, mediatype=$INFO[ListItem.DbType], extrathumbs)</onclick>
				</control>
				<include content="topmenu_discart_button">
					<param name="id" value="02" />
					<param name="view" value="57" />
					<param name="content" value="videos" />
				</include>

				
				<include content="topmenu_art_as_title_radiobutton">
					<param name="id" value="01" />
					<param name="view" value="58" />
				</include>
				<include content="topmenu_panel_button">
					<param name="id" value="02" />
					<param name="view" value="58" />
				</include>
				<include content="topmenu_rating_radiobutton">
					<param name="id" value="03" />
					<param name="view" value="58" />
				</include>
				<include content="topmenu_art_radiobutton">
					<param name="id" value="04" />
					<param name="view" value="58" />
					<param name="visible" value="true" />
				</include>
				<include content="topmenu_case_radiobutton">
					<param name="id" value="05" />
					<param name="view" value="58" />
					<param name="content" value="videos" />
				</include>
				<include content="topmenu_case_options_button">
					<param name="id" value="06" />
					<param name="view" value="58" />
					<param name="content" value="videos" />
				</include>
				<include content="topmenu_case_flag_radiobutton">
					<param name="id" value="07" />
					<param name="view" value="58" />
					<param name="content" value="videos" />
				</include>
				<include content="topmenu_case_radiobutton">
					<param name="id" value="08" />
					<param name="view" value="58" />
					<param name="content" value="music" />
				</include>
				<include content="topmenu_case_options_button">
					<param name="id" value="09" />
					<param name="view" value="58" />
					<param name="content" value="music" />
				</include>
				<include content="topmenu_case_flag_radiobutton">
					<param name="id" value="10" />
					<param name="view" value="58" />
					<param name="content" value="music" />
				</include>

				<include content="topmenu_art_as_title_radiobutton">
					<param name="id" value="01" />
					<param name="view" value="60" />
				</include>
				<include content="topmenu_panel_button">
					<param name="id" value="02" />
					<param name="view" value="60" />
				</include>
				<include content="topmenu_rating_radiobutton">
					<param name="id" value="03" />
					<param name="view" value="60" />
				</include>
				<control type="button" id="2026004">
					<include content="topmenu_conditional_button">
						<param name="label" value="$LOCALIZE[31408] - $VAR[topmenu_view_60_movies_art_label]" />
						<param name="visible" value="Control.IsVisible(60) + [Container.Content(movies) | Container.Content(sets)]" />
					</include>
					<onclick condition="String.IsEqual(skin.string(view_60_movies_art),clearart)">Skin.SetString(view_60_movies_art,clearlogo)</onclick>
					<onclick condition="String.IsEqual(skin.string(view_60_movies_art),clearlogo)">Skin.SetString(view_60_movies_art,discart)</onclick>
					<onclick condition="String.IsEqual(skin.string(view_60_movies_art),discart)">Skin.SetString(view_60_movies_art,landscape)</onclick>
					<onclick condition="String.IsEqual(skin.string(view_60_movies_art),landscape)">Skin.SetString(view_60_movies_art,clearart)</onclick>
				</control>
				<control type="button" id="2026005">
					<include content="topmenu_conditional_button">
						<param name="label" value="$LOCALIZE[31408] - $VAR[topmenu_view_60_tvshows_art_label]" />
						<param name="visible" value="Control.IsVisible(60) + Container.Content(tvshows)" />
					</include>
					<onclick condition="String.IsEqual(skin.string(view_60_tvshows_art),clearart)">Skin.SetString(view_60_tvshows_art,clearlogo)</onclick>
					<onclick condition="String.IsEqual(skin.string(view_60_tvshows_art),clearlogo)">Skin.SetString(view_60_tvshows_art,landscape)</onclick>
					<onclick condition="String.IsEqual(skin.string(view_60_tvshows_art),landscape)">Skin.SetString(view_60_tvshows_art,clearart)</onclick>
				</control>
				
				<include content="topmenu_art_as_title_radiobutton">
					<param name="id" value="01" />
					<param name="view" value="61" />
				</include>
				<include content="topmenu_panel_button">
					<param name="id" value="02" />
					<param name="view" value="61" />
				</include>
				<include content="topmenu_rating_radiobutton">
					<param name="id" value="03" />
					<param name="view" value="61" />
				</include>
				<include content="topmenu_art_radiobutton">
					<param name="id" value="04" />
					<param name="view" value="61" />
					<param name="visible" value="true" />
				</include>
				<include content="topmenu_discart_button">
					<param name="id" value="05" />
					<param name="view" value="61" />
					<param name="content" value="videos" />
				</include>
				
				<include content="topmenu_art_as_title_radiobutton">
					<param name="id" value="01" />
					<param name="view" value="62" />
				</include>
				<include content="topmenu_panel_button">
					<param name="id" value="02" />
					<param name="view" value="62" />
				</include>
				<include content="topmenu_rating_radiobutton">
					<param name="id" value="03" />
					<param name="view" value="62" />
				</include>
				<include content="topmenu_art_radiobutton">
					<param name="id" value="04" />
					<param name="view" value="62" />
					<param name="visible" value="true" />
				</include>

				<include content="topmenu_art_as_title_radiobutton">
					<param name="id" value="01" />
					<param name="view" value="63" />
				</include>
				<include content="topmenu_panel_button">
					<param name="id" value="02" />
					<param name="view" value="63" />
				</include>
				<include content="topmenu_rating_radiobutton">
					<param name="id" value="03" />
					<param name="view" value="63" />
				</include>
				<include content="topmenu_art_radiobutton">
					<param name="id" value="04" />
					<param name="view" value="63" />
					<param name="visible" value="true" />
				</include>			

				<include content="topmenu_rating_radiobutton">
					<param name="id" value="01" />
					<param name="view" value="68" />
				</include>
				<include content="topmenu_discart_button">
					<param name="id" value="02" />
					<param name="view" value="68" />
					<param name="content" value="videos" />
				</include>
				<include content="topmenu_radiobutton">
					<param name="id" value="2026803" />
					<param name="label" value="$LOCALIZE[31530]/$LOCALIZE[21821] ($LOCALIZE[31094])" />
					<param name="function" value="Skin.ToggleSetting(view_68_plot_off)" />
					<param name="selected" value="!Skin.HasSetting(view_68_plot_off)" />
					<param name="visible" value="Control.IsVisible(68)" />
				</include>
				<include content="topmenu_art_radiobutton">
					<param name="id" value="04" />
					<param name="view" value="68" />
					<param name="visible" value="true" />
				</include>	
				<include content="topmenu_radiobutton">
					<param name="id" value="2026805" />
					<param name="label" value="$LOCALIZE[31507] ($LOCALIZE[31094])" />
					<param name="function" value="Skin.ToggleSetting(view_68_landscape_off)" />
					<param name="selected" value="!Skin.HasSetting(view_68_landscape_off)" />
					<param name="visible" value="Control.IsVisible(68)" />
				</include>			
				<include content="topmenu_radiobutton">
					<param name="id" value="2026806" />
					<param name="label" value="$LOCALIZE[31519] ($LOCALIZE[31094])" />
					<param name="function" value="Skin.ToggleSetting(view_68_banner_off)" />
					<param name="selected" value="!Skin.HasSetting(view_68_banner_off)" />
					<param name="visible" value="Control.IsVisible(68)" />
				</include>
				<include content="topmenu_radiobutton">
					<param name="id" value="2026807" />
					<param name="label" value="$LOCALIZE[31506] ($LOCALIZE[31094])" />
					<param name="function" value="Skin.ToggleSetting(view_68_character_off)" />
					<param name="selected" value="!Skin.HasSetting(view_68_character_off)" />
					<param name="visible" value="Control.IsVisible(68) + Window.IsActive(videos)" />
				</include>				
				<include content="topmenu_radiobutton">
					<param name="id" value="2026808" />
					<param name="label" value="$LOCALIZE[31406] ($LOCALIZE[31094])" />
					<param name="function" value="Skin.ToggleSetting(view_68_info_off)" />
					<param name="selected" value="!Skin.HasSetting(view_68_info_off)" />
					<param name="visible" value="Control.IsVisible(68)" />
				</include>
				<control type="button" id="2026809">
					<include content="topmenu_conditional_button">
						<param name="label" value="$LOCALIZE[31681]" />
						<param name="visible" value="Control.IsVisible(68) + System.HasAddon(script.skin.helper.colorpicker)" />
					</include>
					<onclick>RunScript(script.skin.helper.colorpicker,skinstring=view_68_base_color)</onclick>
					<onclick>ClearProperty(top_menu_show,home)</onclick>
					<onclick>ClearProperty(top_menu_group,home)</onclick>
					<onclick>SetFocus(50)</onclick>
				</control>
				
				<include content="topmenu_art_as_title_radiobutton">
					<param name="id" value="01" />
					<param name="view" value="70" />
				</include>
				<include content="topmenu_panel_button">
					<param name="id" value="02" />
					<param name="view" value="70" />
				</include>
				<include content="topmenu_rating_radiobutton">
					<param name="id" value="03" />
					<param name="view" value="70" />
				</include>
				<include content="topmenu_art_radiobutton">
					<param name="id" value="04" />
					<param name="view" value="70" />
					<param name="visible" value="true" />
				</include>
				<include content="topmenu_fade_radiobutton">
					<param name="id" value="05" />
					<param name="view" value="70" />
				</include>

				<include content="topmenu_button">
					<param name="id" value="20299" />
					<param name="label" value="$LOCALIZE[31664]" />
					<param name="function1" value="ActivateWindowAndFocus(SkinSettings, 9003,0)" />
					<param name="function2" value="" />
					<param name="visible" value="true" />
				</include>		
			</control>					
			<control type="grouplist" id="20301">
				<left>1924</left>
				<top>-958</top>
				<width>954</width>
				<height>900</height>				
				<onleft>20200</onleft>
				<onright>20400</onright>
				<onup>20300</onup>
				<animation effect="slide" start="0,0" end="0,1050" time="600" tween="sine" easing="inout" condition="String.IsEqual(Window(home).Property(top_menu_group),3)">Conditional</animation>
				<include content="topmenu_button">
					<param name="id" value="28" />
					<param name="label" value="" />
					<param name="function1" value="" />
					<param name="function2" value="" />
					<param name="visible" value="Window.IsActive(tvchannels) | Window.IsActive(radiochannels)" />
				</include>					
				<include content="topmenu_button">
					<param name="id" value="3" />
					<param name="label" value="$LOCALIZE[103]" />
					<param name="function1" value="" />
					<param name="function2" value="" />
					<param name="visible" value="true" />
				</include>								
				<include content="topmenu_toggle_button">
					<param name="id" value="4" />
					<param name="label" value="$LOCALIZE[31481]" />
					<param name="altlabel" value="$LOCALIZE[31480]" />
					<param name="function" value="" />
					<param name="visible" value="true" />
				</include>
				<include content="topmenu_button">
					<param name="id" value="10" />
					<param name="label" value="$LOCALIZE[20367]" />
					<param name="label2" value="$INFO[Container.NumItems]" />
					<param name="function" value="" />
					<param name="selected" value="" />
					<param name="visible" value="Container.Content(movies) | Container.Content(sets) | Container.Content(tvshows) | Container.content(seasons) | Container.Content(episodes)" />
				</include>								
				<include content="topmenu_radiobutton">
					<param name="id" value="16" />
					<param name="label" value="$LOCALIZE[589]" />
					<param name="function" value="" />
					<param name="selected" value="" />
					<param name="visible" value="Container.Content(musicvideos)" />
				</include>
				<include content="topmenu_radiobutton">
					<param name="id" value="11" />
					<param name="label" value="$LOCALIZE[20336]" />
					<param name="function" value="mastermode" />
					<param name="selected" value="system.ismaster" />
					<param name="visible" value="system.haslocks" />
				</include>				
				<include content="topmenu_button">
					<param name="id" value="8" />
					<param name="label" value="$LOCALIZE[137]" />
					<param name="function1" value="" />
					<param name="function2" value="" />
					<param name="visible" value="!System.HasAddon(script.globalsearch)" />
				</include>			
				<include content="topmenu_button">
					<param name="id" value="991" />
					<param name="label" value="$LOCALIZE[137]" />
					<param name="function1" value="RunScript(script.globalsearch)" />
					<param name="function2" value="" />
					<param name="visible" value="System.HasAddon(script.globalsearch)" />
				</include>			
				<include content="topmenu_button">
					<param name="id" value="19" />
					<param name="label" value="$LOCALIZE[587]" />
					<param name="function1" value="" />
					<param name="function2" value="" />
					<param name="visible" value="Container.CanFilter + !Container.CanFilterAdvanced" />
				</include>			
				<include content="topmenu_radiobutton">
					<param name="id" value="98" />
					<param name="label" value="$LOCALIZE[587]" />
					<param name="function" value="Filter" />
					<param name="selected" value="Container.Filtered" />
					<param name="visible" value="Container.CanFilterAdvanced" />
				</include>			
				<include content="topmenu_button">
					<param name="id" value="6" />
					<param name="label" value="$LOCALIZE[108]" />
					<param name="function1" value="" />
					<param name="function2" value="" />
					<param name="visible" value="Window.IsActive(pictures)" />
				</include>			
				<include content="topmenu_button">
					<param name="id" value="7" />
					<param name="label" value="$LOCALIZE[361]" />
					<param name="function1" value="" />
					<param name="function2" value="" />
					<param name="visible" value="Window.IsActive(pictures)" />
				</include>			
				<include content="topmenu_radiobutton">
					<param name="id" value="9" />
					<param name="label" value="$LOCALIZE[13360]" />
					<param name="function" value="" />
					<param name="selected" value="" />
					<param name="visible" value="Window.IsActive(pictures)" />
				</include>
				<include content="topmenu_toggle_button">
					<param name="id" value="20302" />
					<param name="label" value="$LOCALIZE[653]" />
					<param name="altlabel" value="$LOCALIZE[13353]" />
					<param name="function" value="UpdateLibrary(video)" />
					<param name="visible" value="Window.IsActive(videos) + !Container.Content(addons) + String.IsEmpty(Container.PluginName)" />
				</include>
				<control type="button" id="20303">
					<include content="topmenu_conditional_button">
						<param name="label" value="$LOCALIZE[31229]" />
						<param name="visible" value="Window.IsActive(videos) + Container.Content() + String.IsEmpty(Container.PluginName)" />
					</include>
					<onclick condition="System.HasAddon(plugin.library.node.editor)">ActivateWindow(programs,plugin://plugin.library.node.editor/?ltype=video,return)</onclick>
					<onclick condition="!System.HasAddon(plugin.library.node.editor)">InstallAddon(plugin.library.node.editor)</onclick>
				</control>
				<include content="topmenu_toggle_button">
					<param name="id" value="20304" />
					<param name="label" value="$LOCALIZE[653]" />
					<param name="altlabel" value="$LOCALIZE[13353]" />
					<param name="function" value="UpdateLibrary(music)" />
					<param name="visible" value="Window.IsActive(music) + !Container.Content(addons) + String.IsEmpty(Container.PluginName)" />
				</include>
				<control type="button" id="20305">
					<include content="topmenu_conditional_button">
						<param name="label" value="$LOCALIZE[31229]" />
						<param name="visible" value="Window.IsActive(music) + String.IsEmpty(Container.FolderPath) + String.IsEmpty(Container.PluginName)" />
					</include>
					<onclick condition="System.HasAddon(plugin.library.node.editor)">ActivateWindow(programs,plugin://plugin.library.node.editor/?ltype=music,return)</onclick>
					<onclick condition="!System.HasAddon(plugin.library.node.editor)">InstallAddon(plugin.library.node.editor)</onclick>
				</control>
				<include content="topmenu_radiobutton">
					<param name="id" value="20306" />
					<param name="label" value="$LOCALIZE[31227] ($LOCALIZE[31094])" />
					<param name="function" value="Skin.ToggleSetting(library_status_window_off)" />
					<param name="selected" value="!Skin.HasSetting(library_status_window_off)" />
					<param name="visible" value="true" />
				</include>				
				<include content="topmenu_button">
					<param name="id" value="20399" />
					<param name="label" value="$LOCALIZE[31664]" />
					<param name="function1" value="ActivateWindowAndFocus(SkinSettings, 9003,0 ,1203,0)" />
					<param name="function2" value="" />
					<param name="visible" value="true" />
				</include>			
			</control>
			<control type="grouplist" id="20401">
				<left>2884</left>
				<top>-958</top>
				<width>954</width>
				<height>900</height>				
				<onleft>20300</onleft>
				<onright>ClearProperty(top_menu_show,home)</onright>
				<onright>ClearProperty(top_menu_group,home)</onright>
				<onright>50</onright>
				<onup>20400</onup>
				<animation effect="slide" start="0,0" end="0,1050" time="600" tween="sine" easing="inout" condition="String.IsEqual(Window(home).Property(top_menu_group),4)">Conditional</animation>
				<include content="topmenu_radiobutton">
					<param name="id" value="20404" />
					<param name="label" value="$LOCALIZE[31125]" />
					<param name="function" value="Skin.ToggleSetting(live_background)" />
					<param name="selected" value="Skin.HasSetting(live_background)" />
					<param name="visible" value="Window.IsActive(videos) | Window.IsActive(tvchannels) | Window.IsActive(tvguide) | Window.IsActive(tvrecordings) | Window.IsActive(tvtimers) | Window.IsActive(tvsearch)" />
				</include>
				<include content="topmenu_radiobutton">
					<param name="id" value="20405" />
					<param name="label" value="$LOCALIZE[31125]" />
					<param name="function" value="Skin.ToggleSetting(vis_background)" />
					<param name="selected" value="Skin.HasSetting(vis_background)" />
					<param name="visible" value="Window.IsActive(music) | Window.IsActive(radiochannels) | Window.IsActive(radioguide) | Window.IsActive(radiorecordings) | Window.IsActive(radiotimers) | Window.IsActive(radiosearch)" />
				</include>
				<include content="topmenu_radiobutton">
					<param name="id" value="20406" />
					<param name="label" value="$LOCALIZE[31497]" />
					<param name="function" value="Skin.SetString(video_fanart,fanart)" />
					<param name="selected" value="String.IsEqual(skin.string(video_fanart),fanart)" />
					<param name="visible" value="Window.IsActive(videos)" />
				</include>
				<include content="topmenu_radiobutton">
					<param name="id" value="20407" />
					<param name="label" value="$LOCALIZE[31498]" />
					<param name="function" value="Skin.SetString(video_fanart,extra)" />
					<param name="selected" value="String.IsEqual(skin.string(video_fanart),extra)" />
					<param name="visible" value="Window.IsActive(videos)" />
				</include>			
				<include content="topmenu_radiobutton">
					<param name="id" value="20408" />
					<param name="label" value="$LOCALIZE[31497]" />
					<param name="function" value="Skin.SetString(music_fanart,fanart)" />
					<param name="selected" value="String.IsEqual(skin.string(music_fanart),fanart)" />
					<param name="visible" value="Window.IsActive(music)" />
				</include>
				<include content="topmenu_radiobutton">
					<param name="id" value="20409" />
					<param name="label" value="$LOCALIZE[31498]" />
					<param name="function" value="Skin.SetString(music_fanart,extra)" />
					<param name="selected" value="String.IsEqual(skin.string(music_fanart),extra)" />
					<param name="visible" value="Window.IsActive(music)" />
				</include>
			</control>
			<control type="grouplist" id="20501">
				<left>964</left>
				<top>-1800</top>
				<width>954</width>
				<height>1800</height>				
				<onleft>20200</onleft>
				<onright>20200</onright>
				<onup>20501</onup>
				<animation effect="slide" start="0,0" end="0,1892" time="600" tween="sine" easing="inout" condition="String.IsEqual(Window(home).Property(top_menu_group),5)">Conditional</animation>
				<include content="topmenu_radiobutton">
					<param name="id" value="20502" />
					<param name="label" value="$LOCALIZE[31135]-01 $INFO[skin.string(view-01.customlabel), (,)]" />
					<param name="function" value="Container.SetViewMode(50)" />
					<param name="selected" value="Control.IsVisible(50)" />
					<param name="visible" value="true" />
				</include>
				<include content="topmenu_radiobutton">
					<param name="id" value="20503" />
					<param name="label" value="$LOCALIZE[31135]-02 $INFO[skin.string(view-02.customlabel), (,)]" />
					<param name="function" value="Container.SetViewMode(53)" />
					<param name="selected" value="Control.IsVisible(53)" />
					<param name="visible" value="Container.Content(movies) | Container.Content(sets) | Container.Content(musicvideos) | Container.Content(tvshows) | Container.Content(seasons)" />
				</include>
				<include content="topmenu_radiobutton">
					<param name="id" value="20504" />
					<param name="label" value="$LOCALIZE[31135]-03 $INFO[skin.string(view-03.customlabel), (,)]" />
					<param name="function" value="Container.SetViewMode(63)" />
					<param name="selected" value="Control.IsVisible(63)" />
					<param name="visible" value="Container.Content(movies) | Container.Content(sets) | Container.Content(musicvideos) | Container.Content(tvshows) | Container.Content(seasons)" />
				</include>
				<include content="topmenu_radiobutton">
					<param name="id" value="20505" />
					<param name="label" value="$LOCALIZE[31135]-04 $INFO[skin.string(view-04.customlabel), (,)]" />
					<param name="function" value="Container.SetViewMode(51)" />
					<param name="selected" value="Control.IsVisible(51)" />
					<param name="visible" value="Container.Content(movies) | Container.Content(musicvideos) | Container.Content(sets) | Container.Content(tvshows) | Container.Content(seasons) | Container.Content(episodes) | Container.Content(albums) | Container.Content(artits) | Container.Content(songs)" />
				</include>
				<include content="topmenu_radiobutton">
					<param name="id" value="20506" />
					<param name="label" value="$LOCALIZE[31135]-05 $INFO[skin.string(view-05.customlabel), (,)]" />
					<param name="function" value="Container.SetViewMode(52)" />
					<param name="selected" value="Control.IsVisible(52)" />
					<param name="visible" value="Container.Content(movies) | Container.Content(sets) | Container.Content(tvshows)" />
				</include>
				<include content="topmenu_radiobutton">
					<param name="id" value="20507" />
					<param name="label" value="$LOCALIZE[31135]-06 $INFO[skin.string(view-06.customlabel), (,)]" />
					<param name="function" value="Container.SetViewMode(60)" />
					<param name="selected" value="Control.IsVisible(60)" />
					<param name="visible" value="Container.Content(movies) | Container.Content(sets) | Container.Content(tvshows) | Container.Content(episodes)" />
				</include>
				<include content="topmenu_radiobutton">
					<param name="id" value="20508" />
					<param name="label" value="$LOCALIZE[31135]-07 $INFO[skin.string(view-07.customlabel), (,)]" />
					<param name="function" value="Container.SetViewMode(56)" />
					<param name="selected" value="Control.IsVisible(56)" />
					<param name="visible" value="Container.Content(movies) | Container.Content(sets) | Container.Content(musicvideos) | Container.Content(tvshows) | Container.Content(seasons) | Container.Content(addons) | Container.Content(albums) | Container.Content(songs) | Window.IsActive(tvchannels) | Window.IsActive(radiochannels) | Container.Content(actors) " />
				</include>
				<include content="topmenu_radiobutton">
					<param name="id" value="20509" />
					<param name="label" value="$LOCALIZE[31135]-08 $INFO[skin.string(view-08.customlabel), (,)]" />
					<param name="function" value="Container.SetViewMode(67)" />
					<param name="selected" value="Control.IsVisible(67)" />
					<param name="visible" value="Container.Content(movies) | Container.Content(sets) | Container.Content(musicvideos) | Container.Content(tvshows) | Container.Content(seasons) | Container.Content(episodes)" />
				</include>
				<include content="topmenu_radiobutton">
					<param name="id" value="20510" />
					<param name="label" value="$LOCALIZE[31135]-09 $INFO[skin.string(view-09.customlabel), (,)]" />
					<param name="function" value="Container.SetViewMode(68)" />
					<param name="selected" value="Control.IsVisible(68)" />
					<param name="visible" value="Container.Content(movies) | Container.Content(musicvideos) | Container.Content(sets) | Container.Content(tvshows) | Container.Content(seasons) | Container.Content(albums) | Container.Content(artits) | Container.Content(songs)" />
				</include>
				<include content="topmenu_radiobutton">
					<param name="id" value="20511" />
					<param name="label" value="$LOCALIZE[31135]-10 $INFO[skin.string(view-10.customlabel), (,)]" />
					<param name="function" value="Container.SetViewMode(58)" />
					<param name="selected" value="Control.IsVisible(58)" />
					<param name="visible" value="Container.Content(movies) | Container.Content(musicvideos) | Container.Content(sets) | Container.Content(tvshows) | Container.Content(seasons) | Container.Content(albums) | Container.Content(artits) | Container.Content(songs)" />
				</include>
				<include content="topmenu_radiobutton">
					<param name="id" value="20512" />
					<param name="label" value="$LOCALIZE[31135]-11 $INFO[skin.string(view-11.customlabel), (,)]" />
					<param name="function" value="Container.SetViewMode(55)" />
					<param name="selected" value="Control.IsVisible(55)" />
					<param name="visible" value="true" />
				</include>
				<include content="topmenu_radiobutton">
					<param name="id" value="20513" />
					<param name="label" value="$LOCALIZE[31135]-12 $INFO[skin.string(view-12.customlabel), (,)]" />
					<param name="function" value="Container.SetViewMode(70)" />
					<param name="selected" value="Control.IsVisible(70)" />
					<param name="visible" value="Container.Content(movies) | Container.Content(musicvideos) | Container.Content(sets) | Container.Content(tvshows) | Container.Content(seasons)" />
				</include>
				<include content="topmenu_radiobutton">
					<param name="id" value="20514" />
					<param name="label" value="$LOCALIZE[31135]-13 $INFO[skin.string(view-13.customlabel), (,)]" />
					<param name="function" value="Container.SetViewMode(61)" />
					<param name="selected" value="Control.IsVisible(61)" />
					<param name="visible" value="Container.Content(movies) | Container.Content(musicvideos) | Container.Content(sets) | Container.Content(tvshows) | Container.Content(seasons)" />
				</include>
				<include content="topmenu_radiobutton">
					<param name="id" value="20515" />
					<param name="label" value="$LOCALIZE[31135]-13 $INFO[skin.string(view-13.customlabel), (,)]" />
					<param name="function" value="Container.SetViewMode(62)" />
					<param name="selected" value="Control.IsVisible(62)" />
					<param name="visible" value="Container.Content(episodes)" />
				</include>
				<include content="topmenu_radiobutton">
					<param name="id" value="20516" />
					<param name="label" value="$LOCALIZE[31135]-14 $INFO[skin.string(view-14.customlabel), (,)]" />
					<param name="function" value="Container.SetViewMode(57)" />
					<param name="selected" value="Control.IsVisible(57)" />
					<param name="visible" value="Container.Content(movies) | Container.Content(musicvideos) | Container.Content(sets) | Container.Content(tvshows) | Container.Content(seasons)" />
				</include>
				<include content="topmenu_radiobutton">
					<param name="id" value="20517" />
					<param name="label" value="$LOCALIZE[31135]-15 $INFO[skin.string(view-15.customlabel), (,)]" />
					<param name="function" value="Container.SetViewMode(54)" />
					<param name="selected" value="Control.IsVisible(54)" />
					<param name="visible" value="Container.Content(movies) | Container.Content(sets) | Container.Content(tvshows)" />
				</include>
			</control>			
			<control type="group" id="20000">
				<top>-300</top>
				<animation effect="slide" start="0,0" end="0,240" time="400" tween="sine" easing="inout" condition="String.IsEqual(Window(home).Property(top_menu_show),true)">Conditional</animation>			
				<control type="grouplist">
					<top>60</top>
					<width>3840</width>
					<height>90</height>	
					<onleft>ClearProperty(top_menu_show,home)</onleft>
					<onleft>ClearProperty(top_menu_group,home)</onleft>					
					<onleft>50</onleft>
					<onright>ClearProperty(top_menu_show,home)</onright>
					<onright>ClearProperty(top_menu_group,home)</onright>
					<onright>50</onright>
					<orientation>horizontal</orientation>
					<include content="topmenu_top_button">
						<param name="id" value="20100" />
						<param name="label" value="$LOCALIZE[31436]" />
						<param name="ondown" value="20101" />
						<param name="onfocus" value="1" />						
						<param name="enable" value="true" />
					</include>
					<include content="topmenu_top_button">
						<param name="id" value="20200" />
						<param name="label" value="$LOCALIZE[31135]" />
						<param name="ondown" value="20201" />
						<param name="onfocus" value="2" />						
						<param name="enable" value="$EXP[kiosk_code_control]" />
					</include>	
					<include content="topmenu_top_button">
						<param name="id" value="20300" />
						<param name="label" value="$LOCALIZE[31484]" />
						<param name="ondown" value="20301" />
						<param name="onfocus" value="3" />						
						<param name="enable" value="$EXP[kiosk_code_control]" />
					</include>	
					<include content="topmenu_top_button">
						<param name="id" value="20400" />
						<param name="label" value="$LOCALIZE[31408]" />
						<param name="ondown" value="20401" />
						<param name="onfocus" value="4" />						
						<param name="enable" value="$EXP[kiosk_code_control]" />
					</include>				
				</control>
				<include content="gradient_line">
					<param name="left" value="0" />
					<param name="topline" value="148" />
					<param name="topshadow" value="148" />
					<param name="width" value="3840" />
					<param name="flipy" value="true" />
					<param name="visible" value="true" />
				</include>			
			</control>
		</control>
	</include>
	<include name="topmenu_top_button">
		<definition>
			<control type="button" id="$PARAM[id]">
				<width>960</width>
				<height>90</height>
				<onup>ClearProperty(top_menu_show,home)</onup>
				<onup>ClearProperty(top_menu_group,home)</onup>					
				<onup>50</onup>
				<ondown>$PARAM[ondown]</ondown>
				<align>center</align>
				<label>$PARAM[label]</label>
				<textoffsetx>30</textoffsetx>
				<texturenofocus colordiffuse="$INFO[skin.string(texture_base_color)]">white.png</texturenofocus>
				<onclick>noop</onclick>
				<onfocus>SetProperty(top_menu_group,$PARAM[onfocus],home)</onfocus>
				<enable>$PARAM[enable]</enable>
			</control>	
		</definition>
	</include>
	<include name="topmenu_label">
		<definition>
			<control type="group" id="$PARAM[id]">
				<width>954</width>
				<height>90</height>
				<control type="image">
					<width>954</width>
					<height>90</height>
					<texture colordiffuse="$INFO[skin.string(texture_base_color)]">dialogs_button.png</texture>
				</control>
				<control type="label" id="$PARAM[id]1">
					<width>954</width>
					<height>90</height>								
					<label>$PARAM[label]</label>
					<font>font_button</font>
					<textcolor>$INFO[skin.string(header_color)]</textcolor>	
					<textoffsetx>30</textoffsetx>
					<visible>$PARAM[visible]</visible>
				</control>	
			</control>
		</definition>
	</include>
	<include name="topmenu_common_dimensions_button">
		<width>954</width>
		<height>90</height>								
		<font>font_button</font>
		<textoffsetx>30</textoffsetx>
		<texturenofocus colordiffuse="$INFO[skin.string(texture_base_color)]">dialogs_button.png</texturenofocus>
		<texturefocus colordiffuse="$INFO[skin.string(texture_highlight_color)]">dialogs_button.png</texturefocus>
	</include>
	<include name="topmenu_common_dimensions_radiobutton">
		<width>954</width>
		<height>90</height>								
		<font>font_button</font>
		<texturenofocus colordiffuse="$INFO[skin.string(texture_base_color)]">dialogs_button.png</texturenofocus>
		<texturefocus colordiffuse="$INFO[skin.string(texture_highlight_color)]">dialogs_button.png</texturefocus>
		<textoffsetx>30</textoffsetx>
		<textwidth>770</textwidth>
		<radioposx>750</radioposx>
		<radioheight>150</radioheight>
		<radiowidth>268</radiowidth>
	</include>	
	<include name="topmenu_button">
		<definition>
			<control type="button" id="$PARAM[id]">
				<include>topmenu_common_dimensions_button</include>							
				<label>$PARAM[label]</label>
				<label2>$PARAM[label2]</label2>
				<onclick>$PARAM[function1]</onclick>
				<onclick>$PARAM[function2]</onclick>
				<visible>$PARAM[visible]</visible>
			</control>	
		</definition>
	</include>
	<include name="topmenu_radiobutton">
		<definition>
			<control type="radiobutton" id="$PARAM[id]">
				<include>topmenu_common_dimensions_radiobutton</include>								
				<label>$PARAM[label]</label>
				<onclick>$PARAM[function]</onclick>
				<selected>$PARAM[selected]</selected>
				<visible>$PARAM[visible]</visible>
			</control>	
		</definition>		
	</include>	
	<include name="topmenu_view_options_button">
		<definition>
			<include>topmenu_common_dimensions_button</include>
			<label>$PARAM[label]</label>
			<visible>$PARAM[visible]</visible>
		</definition>
	</include>
	<include name="topmenu_conditional_button">
		<definition>
				<include>topmenu_common_dimensions_button</include>
				<label>$PARAM[label]</label>				
				<visible>$PARAM[visible]</visible>
		</definition>
	</include>
	<include name="topmenu_conditional_radiobutton">
		<definition>
				<include>topmenu_common_dimensions_radiobutton</include>
				<label>$PARAM[label]</label>				
				<visible>$PARAM[visible]</visible>
		</definition>
	</include>
	<include name="topmenu_art_as_title_radiobutton">
		<definition>
			<control type="radiobutton" id="202$PARAM[view]$PARAM[id]">
				<include>topmenu_common_dimensions_radiobutton</include>							
				<label>$LOCALIZE[31142]</label>
				<onclick>Skin.ToggleSetting(view_$PARAM[view]_art_as_title)</onclick>
				<selected>Skin.HasSetting(view_$PARAM[view]_art_as_title)</selected>
				<visible>Control.IsVisible($PARAM[view])</visible>
			</control>	
		</definition>		
	</include>
	<include name="topmenu_panel_button">
		<definition>
			<control type="button" id="202$PARAM[view]$PARAM[id]">
				<include>topmenu_common_dimensions_button</include>							
				<label>$VAR[topmenu_view_$PARAM[view]_panel_label]</label>
				<onclick condition="String.IsEqual(skin.string(view_$PARAM[view]_panel),always)">Skin.SetString(view_$PARAM[view]_panel,auto)</onclick>
				<onclick condition="String.IsEqual(skin.string(view_$PARAM[view]_panel),auto)">Skin.SetString(view_$PARAM[view]_panel,manual)</onclick>
				<onclick condition="String.IsEqual(skin.string(view_$PARAM[view]_panel),manual)">Skin.SetString(view_$PARAM[view]_panel,off)</onclick>
				<onclick condition="String.IsEqual(skin.string(view_$PARAM[view]_panel),off)">Skin.SetString(view_$PARAM[view]_panel,always)</onclick>
				<visible>Control.IsVisible($PARAM[view])</visible>
			</control>	
		</definition>		
	</include>				
	<include name="topmenu_discart_button">
		<definition>
			<control type="button" id="202$PARAM[view]$PARAM[id]">
				<include>topmenu_common_dimensions_button</include>
				<label>$LOCALIZE[31111] ($VAR[topmenu_view_$PARAM[view]_$PARAM[content]_discart_label])</label>				
				<onclick condition="String.IsEqual(skin.string(view_$PARAM[view]_$PARAM[content]_discart),disable)">Skin.SetString(view_$PARAM[view]_$PARAM[content]_discart,always)</onclick>
				<onclick condition="String.IsEqual(skin.string(view_$PARAM[view]_$PARAM[content]_discart),always)">Skin.SetString(view_$PARAM[view]_$PARAM[content]_discart,ifavailable)</onclick>
				<onclick condition="String.IsEqual(skin.string(view_$PARAM[view]_$PARAM[content]_discart),ifavailable)">Skin.SetString(view_$PARAM[view]_$PARAM[content]_discart,disable)</onclick>
				<visible>Control.IsVisible($PARAM[view]) + $EXP[view_$PARAM[content]_case_control]</visible>
			</control>
		</definition>
	</include>
	<include name="topmenu_case_radiobutton">
		<definition>
			<control type="radiobutton" id="202$PARAM[view]$PARAM[id]">
				<include>topmenu_common_dimensions_radiobutton</include>							
				<label>$LOCALIZE[31486]</label>
				<onclick>Skin.ToggleSetting(view_$PARAM[view]_$PARAM[content]_case_off)</onclick>
				<selected>!Skin.HasSetting(view_$PARAM[view]_$PARAM[content]_case_off)</selected>
				<visible>Control.IsVisible($PARAM[view]) + $EXP[view_$PARAM[content]_case_control]</visible>
			</control>	
		</definition>		
	</include>
	<include name="topmenu_case_options_button">
		<definition>
			<control type="button" id="202$PARAM[view]$PARAM[id]">
				<include>topmenu_common_dimensions_button</include>
				<label>$LOCALIZE[31298]</label>				
				<onclick condition="$EXP[view_videos_case_control]">ActivateWindowAndFocus(SkinSettings, 9004,0 ,25006,0)</onclick>
				<onclick condition="$EXP[view_music_case_control]">ActivateWindowAndFocus(SkinSettings, 9005,0 ,30006,0)</onclick>
				<visible>Control.IsVisible($PARAM[view]) + !Skin.HasSetting(view_$PARAM[view]_$PARAM[content]_case_off) + $EXP[view_$PARAM[content]_case_control]</visible>
			</control>
		</definition>
	</include>
	<include name="topmenu_case_flag_radiobutton">
		<definition>
			<control type="radiobutton" id="202$PARAM[view]$PARAM[id]">
				<include>topmenu_common_dimensions_radiobutton</include>							
				<label>$LOCALIZE[31533]</label>
				<onclick>Skin.ToggleSetting(view_$PARAM[view]_$PARAM[content]_case_flag_off)</onclick>
				<selected>!Skin.HasSetting(view_$PARAM[view]_$PARAM[content]_case_flag_off)</selected>
				<visible>Control.IsVisible($PARAM[view]) + !Skin.HasSetting(view_$PARAM[view]_$PARAM[content]_case_off) + $EXP[view_$PARAM[content]_case_control]</visible>
			</control>	
		</definition>		
	</include>
	<include name="topmenu_rating_radiobutton">
		<definition>
			<control type="radiobutton" id="202$PARAM[view]$PARAM[id]">
				<include>topmenu_common_dimensions_radiobutton</include>							
				<label>$LOCALIZE[31475] ($LOCALIZE[31094])</label>
				<onclick>Skin.ToggleSetting(view_$PARAM[view]_rating_off)</onclick>
				<selected>!Skin.HasSetting(view_$PARAM[view]_rating_off)</selected>
				<visible>Control.IsVisible($PARAM[view])</visible>
			</control>	
		</definition>		
	</include>
	<include name="topmenu_art_radiobutton">
		<definition>
			<control type="radiobutton" id="202$PARAM[view]$PARAM[id]">
				<include>topmenu_common_dimensions_radiobutton</include>							
				<label>$LOCALIZE[31508] ($LOCALIZE[31094])</label>
				<onclick>Skin.ToggleSetting(view_$PARAM[view]_art_off)</onclick>
				<selected>!Skin.HasSetting(view_$PARAM[view]_art_off)</selected>
				<visible>Control.IsVisible($PARAM[view]) + $PARAM[visible]</visible>
			</control>	
		</definition>		
	</include>
	<include name="topmenu_fade_radiobutton">
		<definition>
			<control type="radiobutton" id="202$PARAM[view]$PARAM[id]">
				<include>topmenu_common_dimensions_radiobutton</include>							
				<label>$LOCALIZE[31699]</label>
				<onclick>Skin.ToggleSetting(view_$PARAM[view]_fade_off)</onclick>
				<selected>!Skin.HasSetting(view_$PARAM[view]_fade_off)</selected>
				<visible>Control.IsVisible($PARAM[view])</visible>
			</control>	
		</definition>		
	</include>
	<include name="topmenu_wraplist_radiobutton">
		<definition>
			<control type="radiobutton" id="202$PARAM[view]$PARAM[id]">
				<include>topmenu_common_dimensions_radiobutton</include>							
				<label>$LOCALIZE[31493]</label>
				<onclick>Skin.ToggleSetting(view_$PARAM[view]_$PARAM[content]_wraplist_off)</onclick>
				<onclick>ReloadSkin()</onclick>
				<selected>Skin.HasSetting(view_$PARAM[view]_$PARAM[content]_wraplist_off)</selected>
				<visible>Control.IsVisible($PARAM[view])</visible>
			</control>	
		</definition>		
	</include>	
	<include name="topmenu_toggle_button">
		<definition>
			<control type="togglebutton" id="$PARAM[id]">
				<width>954</width>
				<height>90</height>				
				<label>$PARAM[label]</label>
				<altlabel>$PARAM[altlabel]</altlabel>
				<font>font_button</font>
				<textoffsetx>30</textoffsetx>				
				<texturenofocus colordiffuse="$INFO[skin.string(texture_base_color)]">dialogs_button.png</texturenofocus>
				<texturefocus colordiffuse="$INFO[skin.string(texture_highlight_color)]">dialogs_button.png</texturefocus>
				<alttexturenofocus colordiffuse="$INFO[skin.string(texture_base_color)]">dialogs_button.png</alttexturenofocus>
				<alttexturefocus colordiffuse="$INFO[skin.string(texture_highlight_color)]">dialogs_button.png</alttexturefocus>				
				<onclick>$PARAM[function]</onclick>
				<onclick>$PARAM[function1]</onclick>
				<visible>$PARAM[visible]</visible>
			</control>	
		</definition>		
	</include>
	<include name="topmenu_pvr_button">
		<definition>
			<control type="button" id="$PARAM[id]">
				<include>topmenu_common_dimensions_button</include>								
				<label>$PARAM[label]</label>
				<onclick condition="String.IsEmpty(Window.Property(IsRadio))">ActivateWindow(tv$PARAM[action])</onclick>
				<onclick condition="!String.IsEmpty(Window.Property(IsRadio))">ActivateWindow(radio$PARAM[action])</onclick>
				<visible>$PARAM[visible] + ![Window.IsActive(tv$PARAM[action]) | Window.IsActive(radio$PARAM[action])]</visible>
			</control>	
		</definition>		
	</include>
</includes>