<?xml version="1.0" encoding="UTF-8"?>
<includes><!-- Aeon MQ 9 -->
	<include name="view_56">
		<control type="group">
			<animation effect="fade" time="400">VisibleChange</animation>
			<visible>Control.IsVisible(56)</visible>
			<include content="media_info_title">
				<param name="view" value="56" />
				<param name="vignette" value="true" />
				<param name="mask" value="true" />
				<param name="plot" value="true" />
				<param name="panel" value="true" />
			</include>
			<control type="panel" id="56">
				<viewtype label="-07">Wall</viewtype>
				<top>720</top>
				<width>4124</width>
				<height>1272</height>
				<onleft>9900</onleft>
				<onup>9900</onup>
				<ondown>9920</ondown>
				<visible>Container.Content(movies) | Container.Content(sets) | Container.Content(musicvideos) | Container.Content(tvshows) | Container.Content(seasons) | Container.Content(albums) | Container.Content(songs) | Container.Content(addons) | Window.IsActive(tvchannels) | Window.IsActive(radiochannels) | Container.Content(actors)</visible>
				<include content="view_56_furniture">
					<param name="width" value="295.2" />
					<param name="height" value="422" />	
					<param name="condition" value="Window.IsActive(videos) + Skin.HasSetting(view_56_videos_case_off) + !Skin.HasSetting(view_56_videos_big)" />					
				</include>				
				<include content="view_56_furniture">
					<param name="width" value="297" />
					<param name="height" value="422" />	
					<param name="condition" value="Window.IsActive(videos) + !Skin.HasSetting(view_56_videos_case_off) + !Skin.HasSetting(view_56_videos_big)" />					
				</include>
				<include content="view_56_furniture">
					<param name="width" value="480" />
					<param name="height" value="635" />	
					<param name="condition" value="Window.IsActive(videos) + Skin.HasSetting(view_56_videos_case_off) + Skin.HasSetting(view_56_videos_big)" />					
				</include>
				<include content="view_56_furniture">
					<param name="width" value="480" />
					<param name="height" value="635" />	
					<param name="condition" value="Window.IsActive(videos) + !Skin.HasSetting(view_56_videos_case_off) + Skin.HasSetting(view_56_videos_big)" />					
				</include>
				<include content="view_56_furniture">
					<param name="width" value="294.8" />
					<param name="height" value="316.8" />	
					<param name="condition" value="[Window.IsActive(musicplaylist) | Window.IsActive(music)] + Skin.HasSetting(view_56_music_case_off) + !Skin.HasSetting(view_56_music_big)" />					
				</include>
				<include content="view_56_furniture">
					<param name="width" value="294.8" />
					<param name="height" value="330" />	
					<param name="condition" value="[Window.IsActive(musicplaylist) | Window.IsActive(music)] + !Skin.HasSetting(view_56_music_case_off) + !Skin.HasSetting(view_56_music_big)" />					
				</include>
				<include content="view_56_furniture">
					<param name="width" value="640" />
					<param name="height" value="635" />	
					<param name="condition" value="[Window.IsActive(musicplaylist) | Window.IsActive(music)] + Skin.HasSetting(view_56_music_case_off) + Skin.HasSetting(view_56_music_big)" />					
				</include>
				<include content="view_56_furniture">
					<param name="width" value="640" />
					<param name="height" value="635" />	
					<param name="condition" value="[Window.IsActive(musicplaylist) | Window.IsActive(music)] + !Skin.HasSetting(view_56_music_case_off) + Skin.HasSetting(view_56_music_big)" />					
				</include>
				<include content="view_56_furniture">
					<param name="width" value="294.8" />
					<param name="height" value="316.8" />	
					<param name="condition" value="[Window.IsActive(tvchannels) | Window.IsActive(radiochannels)] + !Skin.HasSetting(view_56_pvr_big) | Window.IsActive(programs) + !Skin.HasSetting(view_56_programs_big)" />					
				</include>
				<include content="view_56_furniture">
					<param name="width" value="640" />
					<param name="height" value="635" />	
					<param name="condition" value="[Window.IsActive(tvchannels) | Window.IsActive(radiochannels)] + Skin.HasSetting(view_56_pvr_big) | Window.IsActive(programs) + Skin.HasSetting(view_56_programs_big)" />					
				</include>
			</control>
			<control type="image" id="5620">
				<include>invisible_image</include>
				<animation effect="fade" start="0" end="100" time="150" delay="2000">Visible</animation>
				<visible>![Container.OnNext | Container.OnPrevious]</visible>
			</control>
			<control type="button" id="5630">
				<include>invisible_button</include>
				<onleft>56</onleft>
				<onright>56</onright>
				<onup>9900</onup>
				<ondown>56</ondown>
			</control>			
		</control>		
	</include>
	<include name="view_56_furniture">
		<definition>
			<itemlayout condition="$PARAM[condition]" width="$PARAM[width]" height="$PARAM[height]">
				<control type="group">
					<animation effect="fade" start="100" end="10" time="400" condition="System.IdleTime(3) + !Skin.HasSetting(view_56_fade_off)">Conditional</animation>
					<visible>$EXP[content_control] | $EXP[view_videos_case_control] + Skin.HasSetting(view_56_videos_case_off) | $EXP[view_music_case_control] + Skin.HasSetting(view_56_music_case_off)</visible>
					<control type="image">
						<left>4</left>
						<top>2</top>
						<width>99%</width>
						<height>99%</height>
						<aspectratio align="center" aligny="bottom">keep</aspectratio>
						<texture fallback="DefaultVideo.png" background="true">$VAR[media_thumb]</texture>
					</control>
					<control type="label">
						<top>240</top>
						<width>99%</width>
						<align>center</align>
						<label>$INFO[ListItem.Label]</label>
						<font>font_year</font>
						<textcolor>ff333333</textcolor>
						<visible>Container.Content(years) + !ListItem.IsParentFolder</visible>
					</control>
					<include content="media_overlays">
						<param name="item" value="0" />
						<param name="left" value="230" />
						<param name="top" value="356" />
						<param name="size" value="60" />
						<param name="visible" value="Window.IsActive(videos) + !Skin.HasSetting(view_56_videos_big)" />
					</include>
					<include content="media_overlays">
						<param name="item" value="0" />
						<param name="left" value="368" />
						<param name="top" value="540" />
						<param name="size" value="86" />
						<param name="visible" value="Window.IsActive(videos) + Skin.HasSetting(view_56_videos_big)" />
					</include>
					<include content="media_overlays">
						<param name="item" value="0" />
						<param name="left" value="230" />
						<param name="top" value="256" />
						<param name="size" value="60" />
						<param name="visible" value="[Window.IsActive(musicplaylist) | Window.IsActive(music)] + !Skin.HasSetting(view_56_music_big)" />
					</include>
					<include content="media_overlays">
						<param name="item" value="0" />
						<param name="left" value="516" />
						<param name="top" value="510" />
						<param name="size" value="120" />
						<param name="visible" value="[Window.IsActive(musicplaylist) | Window.IsActive(music)] + Skin.HasSetting(view_56_music_big)" />
					</include>
				</control>
				<control type="group">
					<animation effect="fade" start="100" end="10" time="400" condition="System.IdleTime(3) + !Skin.HasSetting(view_56_fade_off)">Conditional</animation>
					<visible>$EXP[view_videos_case_control] + !Skin.HasSetting(view_56_videos_case_off) + !Skin.HasSetting(view_56_videos_big) | $EXP[view_music_case_control] + !Skin.HasSetting(view_56_music_case_off) + !Skin.HasSetting(view_56_music_big)</visible>
					<control type="group">
						<visible>Window.IsActive(videos)</visible>
						<control type="image">
							<left>12</left>
							<top>58</top>
							<width>253</width>
							<height>360</height>
							<aspectratio align="center" aligny="bottom">stretch</aspectratio>
							<texture fallback="DefaultVideo.png" background="true">$VAR[media_thumb]</texture>							
						</control>
						<include content="media_case_video">
							<param name="view" value="56" />
							<param name="item" value="0" />
							<param name="condition" value="ListItem" />							
							<param name="caseleft" value="-10" />
							<param name="casetop" value="0" />
							<param name="casewidth" value="312" />
							<param name="caseheight" value="455" />
							<param name="flagleft" value="102" />
							<param name="flagtop" value="3" />
							<param name="flagsize" value="70" />
							<param name="casereflecttop" value="0" />
							<param name="casereflectvisible" value="false" />
						</include>
						<include content="media_overlays">
							<param name="item" value="0" />
							<param name="left" value="210" />
							<param name="top" value="63" />
							<param name="size" value="50" />
							<param name="visible" value="true" />
						</include>
					</control>
					<control type="group">
						<visible>Window.IsActive(musicplaylist) | Window.IsActive(music)</visible>
						<control type="image">
							<left>35</left>
							<top>6</top>
							<width>258</width>
							<height>258</height>
							<aspectratio align="center" aligny="bottom">stretch</aspectratio>
							<texture diffuse="thumb_music_case_diffuse.png" fallback="DefaultAudio.png" background="true">$VAR[media_thumb]</texture>						
						</control>
						<include content="media_case_music">
							<param name="view" value="56" />
							<param name="item" value="0" />
							<param name="condition" value="ListItem" />							
							<param name="caseleft" value="-5" />
							<param name="casetop" value="0" />
							<param name="casewidth" value="310" />
							<param name="caseheight" value="275" />
							<param name="flagleft" value="-8" />
							<param name="flagtop" value="109" />
							<param name="flagsize" value="55" />
							<param name="casereflecttop" value="0" />
							<param name="casereflectvisible" value="false" />
						</include>
						<include content="media_overlays">
							<param name="item" value="0" />
							<param name="left" value="237" />
							<param name="top" value="10" />
							<param name="size" value="50" />
							<param name="visible" value="true" />
						</include>
					</control>					
				</control>
				<control type="group">
					<animation effect="fade" start="100" end="10" time="400" condition="System.IdleTime(3) + !Skin.HasSetting(view_56_fade_off)">Conditional</animation>
					<visible>$EXP[view_videos_case_control] + !Skin.HasSetting(view_56_videos_case_off) + Skin.HasSetting(view_56_videos_big) | $EXP[view_music_case_control] + !Skin.HasSetting(view_56_music_case_off) + Skin.HasSetting(view_56_music_big)</visible>
					<control type="group">
						<visible>Window.IsActive(videos)</visible>
						<control type="image">
							<left>49</left>
							<top>88</top>
							<width>78%</width>
							<height>83%</height>
							<aspectratio align="center" aligny="bottom">stretch</aspectratio>
							<texture fallback="DefaultVideo.png" background="true">$VAR[media_thumb]</texture>							
						</control>
						<include content="media_case_video">
							<param name="view" value="56" />
							<param name="item" value="0" />
							<param name="condition" value="ListItem" />							
							<param name="caseleft" value="18" />
							<param name="casetop" value="0" />
							<param name="casewidth" value="460" />
							<param name="caseheight" value="670" />
							<param name="flagleft" value="179" />
							<param name="flagtop" value="5" />
							<param name="flagsize" value="110" />
							<param name="casereflecttop" value="0" />
							<param name="casereflectvisible" value="false" />
						</include>
						<include content="media_overlays">
							<param name="item" value="0" />
							<param name="left" value="343" />
							<param name="top" value="90" />
							<param name="size" value="76" />
							<param name="visible" value="true" />
						</include>
					</control>
					<control type="group">
						<visible>Window.IsActive(musicplaylist) | Window.IsActive(music)</visible>
						<control type="image">
							<left>80</left>
							<top>10</top>
							<width>540</width>
							<height>540</height>
							<aspectratio align="center" aligny="bottom">stretch</aspectratio>
							<texture diffuse="thumb_music_case_diffuse.png" fallback="DefaultAudio.png" background="true">$VAR[media_thumb]</texture>							
						</control>
						<include content="media_case_music">
							<param name="view" value="56" />
							<param name="item" value="0" />
							<param name="condition" value="ListItem" />							
							<param name="caseleft" value="-10" />
							<param name="casetop" value="0" />
							<param name="casewidth" value="655" />
							<param name="caseheight" value="575" />
							<param name="flagleft" value="-13" />
							<param name="flagtop" value="228" />
							<param name="flagsize" value="112" />
							<param name="casereflecttop" value="0" />
							<param name="casereflectvisible" value="false" />
						</include>
						<include content="media_overlays">
							<param name="item" value="0" />
							<param name="left" value="533" />
							<param name="top" value="16" />
							<param name="size" value="80" />
							<param name="visible" value="true" />
						</include>
					</control>					
				</control>
			</itemlayout>
			<focusedlayout condition="$PARAM[condition]" width="$PARAM[width]" height="$PARAM[height]">
				<control type="group">
					<visible>$EXP[content_control] | $EXP[view_videos_case_control] + Skin.HasSetting(view_56_videos_case_off) | $EXP[view_music_case_control] + Skin.HasSetting(view_56_music_case_off)</visible>
					<animation type="Focus" reversible="false">
						<effect type="zoom" center="180,180" start="80" end="100" time="400" tween="back" easing="out" />
						<effect type="fade" start="80" end="100" time="400" />
					</animation>
					<control type="image">
						<left>4</left>
						<top>4</top>
						<width>99%</width>
						<height>99%</height>
						<aspectratio align="center" aligny="bottom">keep</aspectratio>
						<texture fallback="DefaultVideo.png" background="true">$VAR[media_thumb]</texture>
						<visible>String.IsEmpty(ListItem.DbType)</visible>
					</control>
					<control type="image">
						<left>4</left>
						<top>4</top>
						<width>99%</width>
						<height>99%</height>
						<aspectratio align="center" aligny="bottom">keep</aspectratio>
						<texture fallback="DefaultVideo.png" background="true">$VAR[media_thumb]</texture>
						<bordertexture colordiffuse="$INFO[skin.string(texture_highlight_color)]" border="-4">white.png</bordertexture>
						<visible>!String.IsEmpty(ListItem.DbType)</visible>
					</control>
					<control type="label">
						<top>240</top>
						<width>99%</width>
						<align>center</align>
						<label>$INFO[ListItem.Label]</label>
						<font>font_year</font>
						<textcolor>ff333333</textcolor>
						<visible>Container.Content(years) + !ListItem.IsParentFolder</visible>
					</control>
					<include content="media_overlays">
						<param name="item" value="0" />
						<param name="left" value="230" />
						<param name="top" value="356" />
						<param name="size" value="60" />
						<param name="visible" value="Window.IsActive(videos) + !Skin.HasSetting(view_56_videos_big)" />
					</include>
					<include content="media_overlays">
						<param name="item" value="0" />
						<param name="left" value="368" />
						<param name="top" value="540" />
						<param name="size" value="86" />
						<param name="visible" value="Window.IsActive(videos) + Skin.HasSetting(view_56_videos_big)" />
					</include>
					<include content="media_overlays">
						<param name="item" value="0" />
						<param name="left" value="230" />
						<param name="top" value="256" />
						<param name="size" value="60" />
						<param name="visible" value="[Window.IsActive(musicplaylist) | Window.IsActive(music)] + !Skin.HasSetting(view_56_music_big)" />
					</include>
					<include content="media_overlays">
						<param name="item" value="0" />
						<param name="left" value="516" />
						<param name="top" value="510" />
						<param name="size" value="120" />
						<param name="visible" value="[Window.IsActive(musicplaylist) | Window.IsActive(music)] + Skin.HasSetting(view_56_music_big)" />
					</include>
				</control>
				<control type="group">
					<visible>$EXP[view_videos_case_control] + !Skin.HasSetting(view_56_videos_case_off) + !Skin.HasSetting(view_56_videos_big) | $EXP[view_music_case_control] + !Skin.HasSetting(view_56_music_case_off) + !Skin.HasSetting(view_56_music_big)</visible>
					<animation type="Focus" reversible="false">
						<effect type="zoom" center="auto" start="80" end="105" time="400" tween="back" easing="out" />
						<effect type="fade" start="80" end="100" time="400" />
					</animation>
					<control type="group">
						<visible>Window.IsActive(videos)</visible>
						<control type="image">
							<left>12</left>
							<top>58</top>
							<width>253</width>
							<height>360</height>
							<aspectratio align="center" aligny="bottom">stretch</aspectratio>
							<texture fallback="DefaultVideo.png" background="true">$VAR[media_thumb]</texture>							
						</control>
						<include content="media_case_video">
							<param name="view" value="56" />
							<param name="item" value="0" />
							<param name="condition" value="ListItem" />							
							<param name="caseleft" value="-10" />
							<param name="casetop" value="0" />
							<param name="casewidth" value="312" />
							<param name="caseheight" value="455" />
							<param name="flagleft" value="102" />
							<param name="flagtop" value="3" />
							<param name="flagsize" value="70" />
							<param name="casereflecttop" value="0" />
							<param name="casereflectvisible" value="false" />
						</include>
						<include content="media_overlays">
							<param name="item" value="0" />
							<param name="left" value="210" />
							<param name="top" value="63" />
							<param name="size" value="50" />
							<param name="visible" value="true" />
						</include>
					</control>
					<control type="group">
						<visible>Window.IsActive(musicplaylist) | Window.IsActive(music)</visible>
						<control type="image">
							<left>35</left>
							<top>6</top>
							<width>258</width>
							<height>258</height>
							<aspectratio align="center" aligny="bottom">stretch</aspectratio>
							<texture diffuse="thumb_music_case_diffuse.png" fallback="DefaultAudio.png" background="true">$VAR[media_thumb]</texture>						
						</control>
						<include content="media_case_music">
							<param name="view" value="56" />
							<param name="item" value="0" />
							<param name="condition" value="ListItem" />							
							<param name="caseleft" value="-5" />
							<param name="casetop" value="0" />
							<param name="casewidth" value="310" />
							<param name="caseheight" value="275" />
							<param name="flagleft" value="-8" />
							<param name="flagtop" value="109" />
							<param name="flagsize" value="55" />
							<param name="casereflecttop" value="0" />
							<param name="casereflectvisible" value="false" />
						</include>
						<include content="media_overlays">
							<param name="item" value="0" />
							<param name="left" value="237" />
							<param name="top" value="10" />
							<param name="size" value="50" />
							<param name="visible" value="true" />
						</include>
					</control>
				</control>
				<control type="group">
					<visible>$EXP[view_videos_case_control] + !Skin.HasSetting(view_56_videos_case_off) + Skin.HasSetting(view_56_videos_big) | $EXP[view_music_case_control] + !Skin.HasSetting(view_56_music_case_off) + Skin.HasSetting(view_56_music_big)</visible>
					<animation type="Focus" reversible="false">
						<effect type="zoom" center="auto" start="80" end="104" time="400" tween="back" easing="out" />
						<effect type="fade" start="80" end="100" time="400" />
					</animation>
					<control type="group">
						<visible>Window.IsActive(videos)</visible>
						<control type="image">
							<left>49</left>
							<top>88</top>
							<width>78%</width>
							<height>83%</height>
							<aspectratio align="center" aligny="bottom">stretch</aspectratio>
							<texture fallback="DefaultVideo.png" background="true">$VAR[media_thumb]</texture>							
						</control>
						<include content="media_case_video">
							<param name="view" value="56" />
							<param name="item" value="0" />
							<param name="condition" value="ListItem" />							
							<param name="caseleft" value="18" />
							<param name="casetop" value="0" />
							<param name="casewidth" value="460" />
							<param name="caseheight" value="670" />
							<param name="flagleft" value="179" />
							<param name="flagtop" value="5" />
							<param name="flagsize" value="110" />
							<param name="casereflecttop" value="0" />
							<param name="casereflectvisible" value="false" />
						</include>
						<include content="media_overlays">
							<param name="item" value="0" />
							<param name="left" value="343" />
							<param name="top" value="90" />
							<param name="size" value="76" />
							<param name="visible" value="true" />
						</include>
					</control>
					<control type="group">
						<visible>Window.IsActive(musicplaylist) | Window.IsActive(music)</visible>
						<control type="image">
							<left>80</left>
							<top>10</top>
							<width>540</width>
							<height>540</height>
							<aspectratio align="center" aligny="bottom">stretch</aspectratio>
							<texture diffuse="thumb_music_case_diffuse.png" fallback="DefaultAudio.png" background="true">$VAR[media_thumb]</texture>							
						</control>
						<include content="media_case_music">
							<param name="view" value="56" />
							<param name="item" value="0" />
							<param name="condition" value="ListItem" />							
							<param name="caseleft" value="-10" />
							<param name="casetop" value="0" />
							<param name="casewidth" value="655" />
							<param name="caseheight" value="575" />
							<param name="flagleft" value="-13" />
							<param name="flagtop" value="228" />
							<param name="flagsize" value="112" />
							<param name="casereflecttop" value="0" />
							<param name="casereflectvisible" value="false" />
						</include>
						<include content="media_overlays">
							<param name="item" value="0" />
							<param name="left" value="533" />
							<param name="top" value="16" />
							<param name="size" value="80" />
							<param name="visible" value="true" />
						</include>
					</control>
				</control>
			</focusedlayout>
		</definition>				
	</include>
</includes>