<?xml version="1.0" encoding="UTF-8" standalone="yes"?>
<addon id="kodi-nexus" name="lisvany.1990" version="1.0" provider-name="Exotic-Blog">
    <extension point="xbmc.addon.repository" name="Example Repository">
        <dir>
            <info compressed="false">https://raw.githubusercontent.com/Exotic-Blog/kodi-nexus/master/repo/zips/addons.xml</info>
            <checksum>https://raw.githubusercontent.com/Exotic-Blog/kodi-nexus/master/repo/zips/addons.xml.md5</checksum>
            <datadir zip="true">https://raw.githubusercontent.com/Exotic-Blog/kodi-nexus/master/repo/zips/</datadir>
        </dir>
    </extension>
    <extension point="xbmc.addon.metadata">
        <summary>lisvany.1990</summary>
        <description>DESCRIPTION OF YOUR REPO HERE</description>
        <disclaimer></disclaimer>
        <platform>all</platform>
        <assets>
            <icon>icon.png</icon>
            <fanart>fanart.jpg</fanart>
        </assets>
    </extension>
</addon>
