<?xml version="1.0" encoding="UTF-8"?>
<window><!-- Aeon MQ 9 -->
	<defaultcontrol always="true">9000</defaultcontrol>
	<controls>
		<include content="common_background">
			<param name="mask" value="white80" />	
			<param name="condition" value="true" />
		</include>
		<control type="group">
			<include>animation_window</include>
			<include content="settings_left_title">
				<param name="label" value="31202" />
			</include>
			<control type="grouplist" id="9000">
				<top>360</top>
				<width>900</width>
				<height>1800</height>				
				<onup>9000</onup>
				<ondown>9000</ondown>				
				<control type="togglebutton" id="6">
					<width>900</width>
					<selected>ListItem.Property(addon.isinstalled) | !Window.IsActive(addonbrowser)</selected>
				</control>				
				<control type="togglebutton" id="7">
					<width>900</width>
					<selected>!String.StartsWith(Control.GetLabel(7),$LOCALIZE[24022]) | !Window.IsActive(addonbrowser)</selected>
				</control>				
				<control type="button" id="12">
					<width>900</width>
					<label>$LOCALIZE[518]</label>
					<visible>!ListItem.Property(Addon.IsBinary)</visible>
				</control>				
				<control type="button" id="9">
					<width>900</width>
					<label>$LOCALIZE[24020]</label>
				</control>				
				<control type="button" id="8">
					<width>900</width>
					<label>$LOCALIZE[24069]</label>
				</control>				
				<control type="radiobutton" id="13">
					<width>900</width>
					<radioposx>700</radioposx>
					<label>$LOCALIZE[24069]</label>
				</control>				
				<control type="button" id="10">
					<width>900</width>
					<label>$LOCALIZE[39024]</label>
				</control>
				<control type="button" id="14">
					<width>900</width>
					<label>$LOCALIZE[24069]</label>
				</control>
			</control>
			<include content="settings_center_title">
				<param name="id" value="" />
				<param name="label" value="$INFO[ListItem.AddonName]" />
				<param name="width" value="2932" />
				<param name="labelwidth" value="2780" />
			</include>
			<control type="grouplist">				
				<left>1000</left>
				<top>360</top>
				<width>2940</width>
				<height>1482</height>
				<itemgap>10</itemgap>
				<include>animation_fade</include>
				<include content="media_info_details">
					<param name="header" value="$LOCALIZE[31788]" />
					<param name="headervisible" value="true" />
					<param name="infowidth" value="1280" />
					<param name="info" value="$INFO[ListItem.AddonCreator]" />
					<param name="visible" value="!String.IsEmpty(ListItem.AddonCreator)" />
				</include>
				<include content="media_info_details">
					<param name="header" value="$LOCALIZE[144]" />
					<param name="headervisible" value="true" />
					<param name="infowidth" value="1280" />
					<param name="info" value="$INFO[ListItem.AddonVersion]" />
					<param name="visible" value="!String.IsEmpty(ListItem.AddonVersion)" />
				</include>
				<include content="media_info_details">
					<param name="header" value="$LOCALIZE[126]" />
					<param name="headervisible" value="true" />
					<param name="infowidth" value="1280" />
					<param name="info" value="$INFO[ListItem.Property(Addon.Status)]" />
					<param name="visible" value="!String.IsEmpty(ListItem.Property(Addon.Status))" />
				</include>
				<include content="media_info_details">
					<param name="header" value="$LOCALIZE[467]" />
					<param name="headervisible" value="true" />
					<param name="infowidth" value="1280" />
					<param name="info" value="$INFO[ListItem.AddonType]" />
					<param name="visible" value="!String.IsEmpty(ListItem.AddonType)" />
				</include>
				<include content="media_info_details">
					<param name="header" value="$LOCALIZE[12013]" />
					<param name="headervisible" value="true" />
					<param name="infowidth" value="1280" />
					<param name="info" value="$INFO[ListItem.AddonInstallDate]" />
					<param name="visible" value="!String.IsEmpty(ListItem.AddonInstallDate)" />
				</include>
				<include content="media_info_details">
					<param name="header" value="$LOCALIZE[12014]" />
					<param name="headervisible" value="true" />
					<param name="infowidth" value="1280" />
					<param name="info" value="$INFO[ListItem.AddonLastUpdated]" />
					<param name="visible" value="!String.IsEmpty(ListItem.AddonLastUpdated)" />
				</include>
				<include content="media_info_details">
					<param name="header" value="$LOCALIZE[12012]" />
					<param name="headervisible" value="true" />
					<param name="infowidth" value="1280" />
					<param name="info" value="$INFO[ListItem.AddonLastUsed]" />
					<param name="visible" value="!String.IsEmpty(ListItem.AddonLastUsed)" />
				</include>
				<include content="media_info_details">
					<param name="header" value="$LOCALIZE[24170]" />
					<param name="headervisible" value="true" />
					<param name="infowidth" value="1280" />
					<param name="info" value="$LOCALIZE[24049]" />
					<param name="visible" value="String.IsEqual(ListItem.AddonLifecycleType,$LOCALIZE[24170])" />
				</include>
				<include content="media_info_details">
					<param name="header" value="$LOCALIZE[24171]" />
					<param name="headervisible" value="true" />
					<param name="infowidth" value="1280" />
					<param name="info" value="$LOCALIZE[24096]" />
					<param name="visible" value="String.IsEqual(ListItem.AddonLifecycleType,$LOCALIZE[24171])" />
				</include>
				<include content="media_info_details">
					<param name="header" value="$LOCALIZE[22031]" />
					<param name="headervisible" value="true" />
					<param name="infowidth" value="1280" />
					<param name="info" value="$INFO[ListItem.AddonSize]" />
					<param name="visible" value="!String.IsEmpty(ListItem.AddonSize)" />
				</include>							
				<include content="media_info_details">
					<param name="header" value="$LOCALIZE[31913]" />
					<param name="headervisible" value="true" />
					<param name="infowidth" value="1280" />
					<param name="info" value="$INFO[ListItem.AddonOrigin]" />
					<param name="visible" value="!String.IsEmpty(ListItem.AddonOrigin)" />
				</include>
				<include content="media_info_plot">
					<param name="left" value="0" />
					<param name="top" value="0" />
					<param name="width" value="1580" />
					<param name="height" value="400" />	
					<param name="label" value="[COLOR=$INFO[skin.string(header_color)]]$LOCALIZE[31948][/COLOR]   $INFO[ListItem.AddonNews]" />							
					<param name="visible" value="!String.IsEmpty(ListItem.AddonNews)" />
				</include>
			</control>			
			<control type="image">
				<left>900</left>
				<top>1560</top>
				<width>2940</width>
				<height>600</height>
				<texture colordiffuse="$INFO[skin.string(texture_base_color)]">white50.png</texture>
			</control>
			<include content="gradient_line">
				<param name="left" value="900" />
				<param name="topline" value="1560" />
				<param name="topshadow" value="1560" />
				<param name="width" value="2940" />
				<param name="flipy" value="true" />
				<param name="visible" value="true" />
			</include>
			<control type="image">
				<left>1000</left>
				<top>1590</top>
				<width>540</width>
				<height>540</height>
				<aspectratio align="center" aligny="top">keep</aspectratio>
				<texture fallback="DefaultAddon.png">$INFO[ListItem.Icon]</texture>
			</control>
			<control type="textbox" id="401">
				<left>1620</left>
				<top>1590</top>
				<width>2120</width>
				<height>540</height>
				<label>$INFO[ListItem.AddonSummary][CR]$INFO[ListItem.AddonDescription]</label>
				<autoscroll delay="10000" time="2000" repeat="10000">!Skin.HasSetting(allow_scroll_off)</autoscroll>
			</control>
		</control>
	</controls>
</window>