<?xml version="1.0" encoding="UTF-8"?>
<window><!-- Aeon MQ 9 -->
	<defaultcontrol always="true">9</defaultcontrol>
	<controls>
		<include content="common_background">
			<param name="mask" value="white80" />	
			<param name="condition" value="true" />
		</include>
		<control type="group">
			<include>animation_window</include>
			<control type="group">
				<include content="dialogs_furniture">
					<param name="id" value="" />
					<param name="left" value="360" />
					<param name="width" value="2940" />
					<param name="title" value="$LOCALIZE[19142]" />				
				</include>
				<control type="group">
					<left>450</left>
					<top>360</top>
					<control type="label">
						<align>center</align>
						<label>$LOCALIZE[19133]:</label>
					</control>
					<control type="image">
						<top>130</top>
						<width>2940</width>
						<height>120</height>
						<texture colordiffuse="$INFO[skin.string(texture_highlight_color)]">white50.png</texture>
						<animation effect="fade" start="100" end="30" time="50" condition="!Control.Hasfocus(9)">conditional</animation>
					</control>
					<control type="edit" id="9">
						<top>130</top>
						<width>2940</width>
						<onleft>25</onleft>
						<onright>26</onright>
						<onup>26</onup>
						<ondown>10</ondown>
					</control>					
					<control type="textbox">
						<left>100</left>
						<top>340</top>
						<width>2740</width>
						<height>360</height>
						<align>center</align>
						<label>$LOCALIZE[19001] $LOCALIZE[19002]</label>
					</control>
					<control type="grouplist" id="9010">
						<top>720</top>
						<width>1470</width>
						<height>1350</height>				
						<onleft>9001</onleft>
						<onright>9011</onright>
						<onup>9</onup>
						<control type="radiobutton" id="10">
							<include>pvr_search_radiobutton</include>
							<label>$LOCALIZE[19134]</label>
						</control>
						<control type="radiobutton" id="11">
							<include>pvr_search_radiobutton</include>
							<label>$LOCALIZE[19135]</label>
						</control>
						<control type="spincontrolex" id="12">
							<include>pvr_search_spincontrolex</include>
							<label>$LOCALIZE[19130]</label>
						</control>
						<control type="spincontrolex" id="13">
							<include>pvr_search_spincontrolex</include>
							<label>$LOCALIZE[19131]</label>
						</control>
						<control type="edit" id="14">
							<width>1470</width>
							<height>90</height>
							<label>$LOCALIZE[19128]</label>
						</control>
						<control type="edit" id="15">
							<width>1470</width>
							<height>90</height>
							<label>$LOCALIZE[19129]</label>
						</control>
						<control type="edit" id="16">
							<width>1470</width>
							<height>90</height>
							<label>$LOCALIZE[19126]</label>
						</control>
						<control type="edit" id="17">
							<width>1470</width>
							<height>90</height>
							<label>$LOCALIZE[19127]</label>
						</control>
					</control>
					<control type="grouplist" id="9011">
						<left>1470</left>
						<top>720</top>
						<width>1470</width>
						<height>1350</height>				
						<onleft>9010</onleft>
						<onright>9001</onright>
						<onup>9</onup>
						<control type="radiobutton" id="30">
				    	<description>Ignore finished broadcasts</description>
					    <width>710</width>
						<onright>31</onright>
						<include>pvr_search_radiobutton</include>
						<label>$LOCALIZE[19339]</label>
				</control>
						<control type="spincontrolex" id="18">
							<include>pvr_search_spincontrolex</include>
							<label>$LOCALIZE[515]</label>
						</control>
						<control type="radiobutton" id="31">
							<description>Ignore future broadcasts</description>
							<width>710</width>
							<onleft>30</onleft>
							<include>pvr_search_radiobutton</include>
							<label>$LOCALIZE[19340]</label>
						</control>
						<control type="radiobutton" id="19">
							<include>pvr_search_radiobutton</include>
							<label>$LOCALIZE[19121]</label>
						</control>
						<control type="radiobutton" id="20">
							<include>pvr_search_radiobutton</include>
							<label>$LOCALIZE[19132]</label>
						</control>
						<control type="spincontrolex" id="21">
							<include>pvr_search_spincontrolex</include>
							<label>$LOCALIZE[19146]</label>
						</control>
						<control type="radiobutton" id="22">
							<include>pvr_search_radiobutton</include>
							<label>$LOCALIZE[19123]</label>
						</control>
						<control type="spincontrolex" id="23">
							<include>pvr_search_spincontrolex</include>
							<label>$LOCALIZE[19148]</label>
						</control>
						<control type="radiobutton" id="24">
							<include>pvr_search_radiobutton</include>
							<label>$LOCALIZE[19124]</label>
						</control>
						<control type="radiobutton" id="27">
							<include>pvr_search_radiobutton</include>
							<label>$LOCALIZE[19124]</label>
						</control>
					</control>					
					<control type="image">
						<left>1468</left>
						<top>720</top>
						<width>4</width>
						<height>720</height>
						<texture>line_vertical.png</texture>
					</control>
				</control>
			</control>
			<control type="grouplist" id="9001">
				<left>450</left>
				<top>2040</top>
				<width>2940</width>
				<height>120</height>				
				<onup>9010</onup>
				<ondown>9010</ondown>
				<align>center</align>
				<orientation>horizontal</orientation>				
				<include content="settings_floor_button">
					<param name="id" value="28" />
					<param name="label" value="$LOCALIZE[409]" />
					<param name="width" value="980" />
					<param name="visible" value="true" />
				</include>
				<include content="settings_floor_button">
					<param name="id" value="25" />
					<param name="label" value="$LOCALIZE[222]" />
					<param name="width" value="980" />
					<param name="visible" value="true" />
				</include>
				<include content="settings_floor_button">
					<param name="id" value="29" />
					<param name="label" value="$LOCALIZE[190]" />
				</include>
				<include content="settings_floor_button">
					<param name="id" value="26" />
					<param name="label" value="$LOCALIZE[137]" />
					<param name="width" value="980" />
					<param name="visible" value="true" />
				</include>
			</control>
			<include content="gradient_line">
				<param name="left" value="450" />
				<param name="topline" value="2040" />
				<param name="topshadow" value="2040" />
				<param name="width" value="2940" />
				<param name="flipy" value="true" />
				<param name="visible" value="true" />
			</include>
		</control>
	</controls>
</window>