<?xml version="1.0" encoding="UTF-8"?>
<window><!-- Aeon MQ 9 -->
	<defaultcontrol always="true">5550</defaultcontrol>
	<controls>
		<control type="group">
			<animation effect="slide" start="0,2160" end="0,0" time="400" easing="out" tween="sine">WindowOpen</animation>
			<animation effect="slide" start="0,2160" end="0,0" time="400" easing="out" tween="sine">Visible</animation>
			<animation effect="slide" start="0,0" end="0,2160" time="400" easing="in" tween="sine">WindowClose</animation>
			<animation effect="slide" start="0,0" end="0,2160" time="400" easing="in" tween="sine">Hidden</animation>
			<visible>![Window.IsActive(subtitlesearch) | Window.IsActive(pvrosdguide) | Window.IsActive(pvrosdchannels) | Window.IsActive(osdvideosettings) | Window.IsActive(osdaudiosettings)]</visible>
			<control type="image">
				<top>1218</top>
				<height>822</height>
				<texture colordiffuse="$INFO[skin.string(texture_base_color)]">white80.png</texture>
			</control>
			<control type="image">
				<top>1200</top>
				<height>40</height>
				<texture>gradient_divider.png</texture>
			</control>
			<control type="grouplist">
				<left>100</left>
				<top>1266</top>
				<visible>Control.HasFocus(5552)</visible>
				<include content="media_info_details">
					<param name="header" value="$LOCALIZE[31694]" />
					<param name="headervisible" value="true" />
					<param name="infowidth" value="3640" />
					<param name="info" value="$INFO[Player.Process(videodecoder)] $VAR[video_hw_decoder, (,)]" />
					<param name="visible" value="Player.HasVideo + !String.IsEmpty(Player.Process(videodecoder))" />
				</include>
				<include content="media_info_details">
					<param name="header" value="$LOCALIZE[31695]" />
					<param name="headervisible" value="true" />
					<param name="infowidth" value="3640" />
					<param name="info" value="$INFO[Player.Process(pixformat)]" />
					<param name="visible" value="Player.HasVideo + !String.IsEmpty(Player.Process(pixformat))" />
				</include>
				<include content="media_info_details">
					<param name="header" value="$LOCALIZE[16038]" />
					<param name="headervisible" value="true" />
					<param name="infowidth" value="3640" />
					<param name="info" value="$INFO[Player.Process(deintmethod)]" />
					<param name="visible" value="Player.HasVideo + !String.IsEmpty(Player.Process(deintmethod))" />
				</include>
				<include content="media_info_details">
					<param name="header" value="$LOCALIZE[38031]" />
					<param name="headervisible" value="true" />
					<param name="infowidth" value="3640" />
					<param name="info" value="$INFO[Player.Process(videowidth),,x]$INFO[Player.Process(videoheight)]$INFO[Player.Process(videoscantype)]$INFO[Player.Process(videodar),$COMMA , AR]$INFO[Player.Process(videofps),$COMMA , FPS]" />
					<param name="visible" value="Player.HasVideo" />
				</include>
				<include content="media_info_details">
					<param name="header" value="$LOCALIZE[460]" />
					<param name="headervisible" value="true" />
					<param name="infowidth" value="3640" />
					<param name="info" value="$INFO[Player.Process(audiochannels),,$COMMA ]$INFO[Player.Process(audiodecoder)]$INFO[Player.Process(audiobitspersample),$COMMA , bits]$INFO[Player.Process(audiosamplerate),$COMMA , Hz]" />
					<param name="visible" value="true" />
				</include>
				<include content="media_info_details">
					<param name="header" value="$LOCALIZE[31346]" />
					<param name="headervisible" value="true" />
					<param name="infowidth" value="3640" />
					<param name="info" value="$INFO[System.Memory(used.percent)]" />
					<param name="visible" value="true" />
				</include>
				<include content="media_info_details">
					<param name="header" value="$LOCALIZE[13271]" />
					<param name="headervisible" value="true" />
					<param name="infowidth" value="3640" />
					<param name="info" value="$INFO[System.CpuUsage]" />
					<param name="visible" value="true" />
				</include>
			</control>			
			<control type="grouplist">
				<left>100</left>
				<top>1266</top>
				<visible>Control.HasFocus(5551)</visible>
				<include content="media_info_details">
					<param name="header" value="$LOCALIZE[19099]" />
					<param name="headervisible" value="true" />
					<param name="infowidth" value="2300" />
					<param name="info" value="$INFO[PVR.ActStreamServiceName]" />
					<param name="visible" value="!String.IsEmpty(PVR.ActStreamServiceName)" />
				</include>
				<include content="media_info_details">
					<param name="header" value="$LOCALIZE[19101]" />
					<param name="headervisible" value="true" />
					<param name="infowidth" value="2300" />
					<param name="info" value="$INFO[PVR.ActStreamProviderName]" />
					<param name="visible" value="!String.IsEmpty(PVR.ActStreamProviderName)" />
				</include>
				<include content="media_info_details">
					<param name="header" value="$LOCALIZE[19012]" />
					<param name="headervisible" value="true" />
					<param name="infowidth" value="2300" />
					<param name="info" value="$INFO[PVR.ActStreamClient]" />
					<param name="visible" value="!String.IsEmpty(PVR.ActStreamClient)" />
				</include>
				<include content="media_info_details">
					<param name="header" value="$LOCALIZE[19006]" />
					<param name="headervisible" value="true" />
					<param name="infowidth" value="2300" />
					<param name="info" value="$INFO[PVR.ActStreamDevice]" />
					<param name="visible" value="!String.IsEmpty(PVR.ActStreamDevice)" />
				</include>
				<include content="media_info_details">
					<param name="header" value="$LOCALIZE[19007]" />
					<param name="headervisible" value="true" />
					<param name="infowidth" value="2300" />
					<param name="info" value="$INFO[PVR.ActStreamStatus]" />
					<param name="visible" value="!String.IsEmpty(PVR.ActStreamStatus)" />
				</include>
				<include content="media_info_details">
					<param name="header" value="$LOCALIZE[19015]" />
					<param name="headervisible" value="true" />
					<param name="infowidth" value="2300" />
					<param name="info" value="$INFO[PVR.ActStreamEncryptionName]" />
					<param name="visible" value="!String.IsEmpty(PVR.ActStreamEncryptionName)" />
				</include>
			</control>			
			<control type="grouplist">
				<left>2500</left>
				<top>1266</top>
				<visible>Control.HasFocus(5551)</visible>
				<include content="media_info_details">
					<param name="header" value="$LOCALIZE[19010]" />
					<param name="headervisible" value="true" />
					<param name="infowidth" value="1240" />
					<param name="info" value="$INFO[PVR.ActStreamBer]" />
					<param name="visible" value="!String.IsEmpty(PVR.ActStreamBer)" />
				</include>
				<include content="media_info_details">
					<param name="header" value="$LOCALIZE[19011]" />
					<param name="headervisible" value="true" />
					<param name="infowidth" value="1240" />
					<param name="info" value="$INFO[PVR.ActStreamUnc]" />
					<param name="visible" value="!String.IsEmpty(PVR.ActStreamUnc)" />
				</include>
				<include content="media_info_details">
					<param name="header" value="$LOCALIZE[19100]" />
					<param name="headervisible" value="true" />
					<param name="infowidth" value="1240" />
					<param name="info" value="$INFO[PVR.ActStreamMux]" />
					<param name="visible" value="!String.IsEmpty(PVR.ActStreamMux)" />
				</include>
				<include content="media_info_details">
					<param name="header" value="$LOCALIZE[19008]" />
					<param name="headervisible" value="true" />
					<param name="infowidth" value="1240" />
					<param name="info" value="$INFO[PVR.ActStreamSignal]" />
					<param name="visible" value="!String.IsEmpty(PVR.ActStreamSignal)" />
				</include>
				<control type="progress">
					<width>1240</width>
					<height>36</height>
					<info>PVR.ActStreamProgrSignal</info>
				</control>
				<include content="media_info_details">
					<param name="header" value="$LOCALIZE[19009]" />
					<param name="headervisible" value="true" />
					<param name="infowidth" value="1240" />
					<param name="info" value="$INFO[PVR.ActStreamSNR]" />
					<param name="visible" value="!String.IsEmpty(PVR.ActStreamSNR)" />
				</include>
				<control type="progress">
					<width>1240</width>
					<height>36</height>
					<info>PVR.ActStreamProgrSNR</info>
				</control>
			</control>
			<control type="grouplist" id="5550">
				<top>2040</top>
				<width>3840</width>
				<height>120</height>				
				<onup>Action(Close)</onup>
				<ondown>Action(Close)</ondown>
				<align>center</align>
				<orientation>horizontal</orientation>
				<include content="settings_floor_button">
					<param name="id" value="5551" />
					<param name="label" value="$LOCALIZE[19166]" />
					<param name="width" value="1920" />
					<param name="visible" value="VideoPlayer.Content(livetv)" />
				</include>
				<include content="settings_floor_button">
					<param name="id" value="5552" />
					<param name="label" value="$LOCALIZE[10116]" />
					<param name="width" value="1920" />
					<param name="visible" value="true" />
				</include>				
			</control>
			<include content="gradient_line">
				<param name="left" value="0" />
				<param name="topline" value="2040" />
				<param name="topshadow" value="2040" />
				<param name="width" value="3840" />
				<param name="flipy" value="true" />
				<param name="visible" value="true" />
			</include>
		</control>
	</controls>
</window>