<?xml version="1.0" encoding="UTF-8"?>
<window><!-- Aeon MQ 9 -->
	<controls>
		<control type="group">
			<include content="animation_top_popup">
				<param name="delay" value="0" />
				<param name="slide" value="false" />					
			</include>
			<visible>!Player.Muted</visible>
			<include content="dialogs_bar">
				<param name="top" value="16" />
				<param name="height" value="110" />
			</include>
			<control type="progress" id="20">
				<left>900</left>
				<top>40</top>
				<width>2040</width>
				<height>60</height>
				<info>Player.Volume</info>
				<visible>!player.passthrough</visible>
			</control>
			<control type="label">
				<include content="dialogs_label_left1">
				<param name="width" value="1200" />
			</include>
				<label>$LOCALIZE[13376]</label>
				<visible>!player.passthrough</visible>
			</control>
			<control type="label">
				<include content="dialogs_label_left1">
				<param name="width" value="2700" />
			</include>
				<label>[COLOR=$INFO[skin.string(header_color)]]$LOCALIZE[31754][/COLOR][COLOR=80ffffff] | [/COLOR]$LOCALIZE[29802]</label>
				<visible>player.passthrough</visible>
			</control>
			<control type="label">
				<include content="dialogs_label_right1">
				<param name="width" value="1200" />
			</include>
				<label>$INFO[Player.Volume]</label>
				<visible>!player.passthrough</visible>
			</control>
		</control>	
		<control type="group">
			<left>3846</left>
			<top>20</top>
			<height>110</height>
			<animation effect="slide" start="0,0" end="-160,0" time="300" easing="inout" tween="sine" reversible="true">Visible</animation>
			<visible>Player.Muted + !Skin.HasSetting(reminder_mute_off)</visible>				
			<control type="image">
				<width>160</width>
				<height>120</height>
				<aspectratio>keep</aspectratio>
				<texture colordiffuse="$INFO[skin.string(texture_base_color)]">mainmenu_reminder_back50.png</texture>
			</control>
			<control type="image">
				<top>10</top>
				<left>44</left>
				<width>100</width>
				<height>100</height>
				<aspectratio>keep</aspectratio>
				<texture colordiffuse="ffff0000">mute.png</texture>
			</control>
        </control> 
	</controls>
</window>