<?xml version="1.0" encoding="UTF-8"?>
<window><!-- Aeon MQ 9 -->
	<defaultcontrol always="true">50</defaultcontrol>
	<include>library_loads</include>
	<views>50,52</views>
	<menucontrol>9000</menucontrol>
	<controls>		
		<include>library_background</include>
		<control type="group">
			<include>animation_window</include>	
			<include content="settings_center_title">
				<param name="id" value="" />
				<param name="label" value="$INFO[Control.GetLabel(29)] $INFO[Control.GetLabel(30)]" />
				<param name="width" value="2932" />
				<param name="labelwidth" value="2780" />
			</include>			
			<control type="image">
				<top>186</top>
				<width>900</width>
				<height>148</height>
				<texture colordiffuse="$INFO[skin.string(texture_base_color)]">white50.png</texture>
			</control>
			<control type="image">
				<top>200</top>
				<width>900</width>
				<height>1480</height>
				<texture colordiffuse="$INFO[skin.string(texture_base_color)]" diffuse="details_back_vertical.png">white.png</texture>
			</control>
			<control type="label">
				<left>100</left>
				<top>190</top>
				<width>950</width>
				<height>148</height>
				<label>$LOCALIZE[14301]</label>
				<font>font_title_settings</font>
			</control>
			<control type="image">
				<left>600</left>
				<top>1688</top>
				<width>3232</width>
				<height>464</height>
				<texture colordiffuse="$INFO[skin.string(texture_base_color)]">tvguide_info_back.png</texture>
			</control>
			<control type="image">
				<left>100</left>
				<top>1720</top>
				<width>400</width>
				<height>400</height>
				<fadetime>common_fade_time</fadetime>
				<aspectratio align="left" aligny="center">keep</aspectratio>
				<texture fallback="DefaultTV.png" background="true">$VAR[media_thumb]</texture>
			</control>
			<control type="grouplist">
				<left>640</left>
				<top>1720</top>
				<width>1400</width>
				<height>400</height>				
				<control type="label">
					<width>1400</width>
					<height>80</height>
					<label>[B]$INFO[ListItem.ChannelNumberLabel,, - ][/B]$INFO[ListItem.ChannelName]</label>
					<font>font_header</font>				
					<scroll>true</scroll>
				</control>
				<include content="media_info_details">
					<param name="header" value="" />
					<param name="headervisible" value="false" />
					<param name="infowidth" value="1400" />
					<param name="info" value="[COLOR=$INFO[skin.string(header_color)]]$INFO[ListItem.Genre][/COLOR]" />
					<param name="visible" value="!String.IsEmpty(ListItem.Genre)" />
				</include>
				<include content="media_info_details">
					<param name="header" value="$LOCALIZE[180]" />
					<param name="headervisible" value="true" />
					<param name="infowidth" value="1400" />
					<param name="info" value="$INFO[ListItem.Duration]" />
					<param name="visible" value="!String.IsEmpty(ListItem.Duration)" />
				</include>
				<include content="media_info_details">
					<param name="header" value="$LOCALIZE[142]" />
					<param name="headervisible" value="true" />
					<param name="infowidth" value="1400" />
					<param name="info" value="$INFO[ListItem.StartTime]$INFO[ListItem.EndTime, | ]" />
					<param name="visible" value="![String.IsEmpty(ListItem.StartTime) + String.IsEmpty(ListItem.EndTime)]" />
				</include>
				<include content="media_info_details">
					<param name="header" value="$LOCALIZE[142]" />
					<param name="headervisible" value="true" />
					<param name="infowidth" value="1400" />
					<param name="info" value="$INFO[ListItem.StartDate]" />
					<param name="visible" value="!String.IsEmpty(ListItem.StartDate)" />
				</include>
				<include content="media_info_details">
					<param name="header" value="$LOCALIZE[180]" />
					<param name="headervisible" value="true" />
					<param name="infowidth" value="1400" />
					<param name="info" value="$INFO[ListItem.Date]" />
					<param name="visible" value="!String.IsEmpty(ListItem.Daten)" />
				</include>				
			</control>						
			<control type="group" id="63">
				<include content="epg_grid">
					<param name="id" value="50"/>
					<param name="label" value="$LOCALIZE[19298]"/>
					<param name="ruler_width" value="2940"/>
					<param name="ruler_label_width" value="730"/>
					<param name="channel_width" value="900"/>
				</include>
				<include content="epg_grid">
					<param name="id" value="52"/>
					<param name="label" value="$LOCALIZE[19301]"/>
					<param name="ruler_width" value="2940"/>
					<param name="ruler_label_width" value="730"/>
					<param name="channel_width" value="900"/>
				</include>
			</control>
			<control type="image">
				<left>900</left>
				<top>200</top>
				<width>90</width>
				<height>1480</height>
				<texture colordiffuse="90ffffff" diffuse="details_back_vertical.png">shadow_vertical.png</texture>
			</control>
			<include content="gradient_line">
				<param name="left" value="0" />
				<param name="topline" value="1682" />
				<param name="topshadow" value="1682" />
				<param name="width" value="3840" />
				<param name="flipy" value="true" />
				<param name="visible" value="true" />
			</include>
			<control type="label" id="29">
				<include>invisible_label</include>
			</control>
			<control type="label" id="30">
				<include>invisible_label</include>
			</control>			
			<include>library_furniture</include>
		</control>
	</controls>
</window>