<?xml version="1.0" encoding="UTF-8"?>
<window><!-- Aeon MQ 9 -->
	<defaultcontrol always="true">50</defaultcontrol>
	<views>50</views>
	<controls>
		<include>library_background</include>		
		<control type="group">
			<include>animation_window</include>
			<animation effect="slide" end="900,0" time="300" tween="sine" easing="out" reversible="true" condition="ControlGroup(9000).HasFocus">Conditional</animation>
			<control type="group">
				<left>-900</left>
				<include content="settings_center_title">
					<param name="id" value="" />
					<param name="label" value="$LOCALIZE[19040]" />
					<param name="width" value="2932" />
					<param name="labelwidth" value="2780" />
				</include>
				<control type="list" id="50">
					<left>900</left>
					<width>2940</width>
					<height>1560</height>
					<onleft>9000</onleft>
					<onright>80</onright>
					<pagecontrol>80</pagecontrol>
					<itemlayout height="120" condition="String.IsEmpty(ListItem.Date)">
						<include content="list_furniture">
							<param name="width" value="2940" />
							<param name="height" value="120" />
							<param name="align" value="left" />
							<param name="label" value="$INFO[ListItem.Label]" />							
							<param name="font" value="font_settings" />
						</include>
					</itemlayout>
					<focusedlayout height="120" condition="String.IsEmpty(ListItem.Date)">
						<include content="list_furniturefocus">
							<param name="width" value="2940" />
							<param name="height" value="120" />
							<param name="align" value="left" />
							<param name="label" value="$INFO[ListItem.Label]" />
							<param name="font" value="font_settings" />
							<param name="visible" value="Control.HasFocus(50)" />
						</include>
					</focusedlayout>
					<itemlayout height="160" condition="!String.IsEmpty(ListItem.Date)">
						<include content="list_furniture_details">
							<param name="width" value="2940" />
							<param name="height" value="160" />
							<param name="align" value="left" />
							<param name="label" value="$INFO[ListItem.ChannelName]$INFO[ListItem.Label, - ]" />
							<param name="label2" value="$INFO[ListItem.Date]" />
							<param name="details" value="$VAR[pvr_timer_details]" />
							<param name="font" value="font_settings" />
							<param name="font2" value="font_settings" />
						</include>
					</itemlayout>
					<focusedlayout height="160" condition="!String.IsEmpty(ListItem.Date)">
						<include content="list_furniturefocus_details">
							<param name="width" value="2940" />
							<param name="height" value="160" />
							<param name="align" value="left" />
							<param name="label" value="$INFO[ListItem.ChannelName]$INFO[ListItem.Label, - ]" />
							<param name="label2" value="$INFO[ListItem.Date]" />
							<param name="details" value="$VAR[pvr_timer_details]" />
							<param name="font" value="font_settings" />
							<param name="font2" value="font_plot" />
							<param name="visible" value="Control.HasFocus(50)" />
						</include>
					</focusedlayout>										
				</control>				
				<include content="scroll_bar_vertical">
					<param name="id" value="80" />
					<param name="left" value="3760" />
					<param name="top" value="360" />
					<param name="height" value="1676" />
					<param name="onleft" value="50" />
					<param name="onright" value="50" />
					<param name="hiddenfocus" value="false" />
					<param name="visible" value="true" />
				</include>
			</control>
			<control type="group">
				<left>-900</left>
				<include content="settings_right_title">
					<param name="label" value="$LOCALIZE[33029]" />
					<param name="slide" value="false" />
				</include>					
				<control type="image">
					<left>3940</left>
					<top>360</top>
					<width>700</width>
					<height>900</height>
					<fadetime>common_fade_time</fadetime>
					<aspectratio aligny="bottom">keep</aspectratio>
					<texture>$INFO[Container(50).ListItem.Icon]</texture>					
				</control>
				<include content="media_info_plot">
					<param name="left" value="3940" />
					<param name="top" value="1290" />
					<param name="width" value="700" />
					<param name="height" value="750" />	
					<param name="label" value="$INFO[Window(home).Property(SkinHelper.ListItem.Plot)]" />							
					<param name="visible" value="true" />
				</include>
				<include content="gradient_line">
					<param name="left" value="3840" />
					<param name="topline" value="1262" />
					<param name="topshadow" value="1262" />
					<param name="width" value="900" />
					<param name="flipy" value="true" />
					<param name="visible" value="true" />
				</include>
			</control>
			<control type="group">
				<left>-900</left>
				<include content="settings_left_title">
					<param name="label" value="31202" />
				</include>
				<control type="grouplist" id="9000">
					<top>360</top>
					<width>900</width>
					<height>1800</height>				
					<onleft>SetFocus(50)</onleft>
					<onright>SetFocus(50)</onright>
					<onup>9000</onup>
					<ondown>9000</ondown>
					<control type="button" id="3">
						<width>900</width>
					</control>
					<control type="button" id="4">
						<width>900</width>
						<label>$INFO[Container.SortOrder]</label>
					</control>
					<control type="button" id="19">
						<width>900</width>
						<label>$LOCALIZE[137]</label>
						<visible>Container.CanFilter + !Container.CanFilterAdvanced</visible>
					</control>
					<control type="button" id="199">
						<width>900</width>
						<label>$LOCALIZE[587]</label>
						<onclick>Filter</onclick>
						<visible>Container.CanFilterAdvanced</visible>
					</control>	
				</control>
			</control>
			<include content="settings_aux_label">
				<param name="id" value="9009" />
				<param name="condition" value="ControlGroup(9000).HasFocus" />
				<param name="visible" value="true" />				
			</include>
			<include content="playlist_info_label" condition="Window.IsActive(musicplaylist)">
				<param name="content" value="music" />
			</include>
			<include content="playlist_info_label" condition="Window.IsActive(videoplaylist)">
				<param name="content" value="video" />
			</include>
			<control type="label" id="29">
				<include>invisible_label</include>
			</control>
			<control type="label" id="30">
				<include>invisible_label</include>
			</control>
			<include>scroll_label</include>
			<include>touch_screen</include>			
		</control>
	</controls>
</window>