<?xml version="1.0" encoding="UTF-8"?>
<window><!-- Aeon MQ 9 -->
	<defaultcontrol always="true">3</defaultcontrol>
	<include>loading_default</include>
	<onload condition="Window.IsVisible(script-cu-lrclyrics-main.xml)">Close</onload>	
	<controls>
		<include content="common_background">
			<param name="mask" value="white80" />	
			<param name="condition" value="true" />
		</include>
		<control type="group">
			<visible>!Window.IsActive(PVRChannelManager)</visible>
			<include>animation_window</include>			
			<include content="settings_center_title">
				<param name="id" value="" />
				<param name="label" value="$VAR[settings_title]" />
				<param name="width" value="2932" />
				<param name="labelwidth" value="2780" />
			</include>
			<include content="settings_floor_info">
				<param name="id" value="6" />
				<param name="width" value="2740" />
				<param name="label" value="" />
				<param name="visible" value="true" />
			</include>
			<control type="grouplist" id="5">
				<left>900</left>
				<top>360</top>
				<width>2940</width>
				<height>1440</height>				
				<onleft>3</onleft>
				<onright>80</onright>
				<pagecontrol>80</pagecontrol>
			</control>			
			<control type="button" id="7">
			</control>
			<control type="radiobutton" id="8">
			</control>
			<control type="spincontrolex" id="9">
			</control>
			<control type="sliderex" id="13">
			</control>
			<control type="label" id="14">
				<textoffsetx>100</textoffsetx>
				<textcolor>$INFO[skin.string(header_color)]</textcolor>				
			</control>
			<control type="colorbutton" id="15">
            <include>DefaultSettingButton</include>			
			</control>
			<include content="scroll_bar_vertical">
				<param name="id" value="80" />
				<param name="left" value="3750" />
				<param name="top" value="360" />
				<param name="height" value="1440" />
				<param name="onleft" value="5" />
				<param name="onright" value="3" />
				<param name="hiddenfocus" value="false" />
				<param name="visible" value="true" />
			</include>
			<include content="settings_left_title">
				<param name="label" value="31202" />
			</include>
			<control type="grouplist" id="9000">
				<left>-900</left>
				<top>360</top>
				<width>900</width>
				<height>1920</height>
				<onleft>3</onleft>
				<onright>3</onright>
				<onup>9000</onup>
				<ondown>9000</ondown>
				<onback>3</onback>
				<animation effect="slide" start="0,0" end="900,0" time="300" easing="out" tween="sine" condition="ControlGroup(9000).HasFocus">Conditional</animation>
				<include content="settings_default_button">
					<param name="id" value="20" />
					<param name="label" value="$LOCALIZE[10037]" />
					<param name="onclick" value="SettingsLevelChange" />
				</include>
				<include content="settings_default_button">
					<param name="id" value="21" />
					<param name="label" value="$LOCALIZE[13007]" />
					<param name="onclick" value="SettingsReset" />
				</include>
			</control>
			<include content="settings_aux_label">
				<param name="id" value="9009" />
				<param name="condition" value="ControlGroup(9000).HasFocus" />
				<param name="visible" value="true" />
			</include>
			<control type="grouplist" id="3">
				<top>360</top>
				<width>900</width>
				<height>1920</height>
				<onleft>9000</onleft>
				<onright>5</onright>
				<onup>3</onup>
				<ondown>3</ondown>
				<animation effect="slide" start="0,0" end="-900,0" time="300" easing="out" tween="sine" condition="ControlGroup(9000).HasFocus">Conditional</animation>
			</control>
			<include content="settings_default_button">
				<param name="id" value="10" />
				<param name="label" value="" />
				<param name="onclick" value="" />
			</include>
			<include>mask_background</include>
			<include>touch_screen</include>
		</control>
	</controls>
</window>