<?xml version="1.0" encoding="UTF-8"?>
<includes><!-- Aeon MQ 9 -->
	<include name="view_50">
		<control type="group">
			<animation effect="fade" time="400">Change</animation>
			<visible>Control.IsVisible(50)</visible>
			<control type="image">
				<width>3840</width>
				<height>2160</height>
				<texture colordiffuse="$INFO[skin.string(texture_base_color)]">shadow_mask_vertical.png</texture>
			</control>
			<control type="group">
				<animation effect="slide" start="0,1200" end="0,0"  time="500" tween="sine" easing="out">WindowOpen</animation>
				<animation effect="slide" start="0,1200" end="0,0" time="500" tween="sine" easing="out">Visible</animation>
				<animation effect="fade" time="200" start="100" end="0">Hidden</animation>	
				<control type="group">
					<animation effect="fade" time="200" start="100" end="0" condition="$EXP[view_furniture_control] | Window.IsActive(pictures)">Conditional</animation>
					<control type="image">
						<left>821</left>
						<top>1640</top>
						<width>90</width>
						<height>400</height>
						<texture colordiffuse="90ffffff" diffuse="details_back_vertical.png" flipx="true">shadow_vertical.png</texture>
					</control>
					<control type="image">
						<left>910</left>
						<top>1658</top>
						<width>2930</width>
						<height>360</height>
						<texture colordiffuse="$INFO[skin.string(texture_base_color)]">view_50_info_back.png</texture>
					</control>	
					<control type="image">
						<left>3200</left>
						<top>1415</top>
						<width>498</width>
						<height>240</height>
						<fadetime>common_fade_time</fadetime>
						<aspectratio align="center" aligny="bottom">keep</aspectratio>	
						<texture background="true">$VAR[media_art]</texture>
						<include>animation_fade</include>
						<visible>!Skin.HasSetting(view_50_art_off)</visible>						
					</control>
					<control type="image">
						<left>910</left>
						<top>1636</top>
						<width>2930</width>
						<height>40</height>
						<texture>gradient_divider.png</texture>
					</control>					
					<include content="media_flags_rating_stars">
						<param name="flagleft" value="960" />
						<param name="flagtop" value="1668" />
						<param name="condition" value="ListItem.UserRating" />
						<param name="visible" value="Integer.IsGreater(ListItem.UserRating,0)" />
					</include>
					<include content="media_flags_rating_stars">
						<param name="flagleft" value="960" />
						<param name="flagtop" value="1668" />
						<param name="condition" value="ListItem.Rating" />
						<param name="visible" value="!Integer.IsGreater(ListItem.UserRating,0)" />
					</include>					
					<control type="label">
						<left>1600</left>
						<top>1666</top>
						<width>900</width>
						<height>60</height>					
						<label>$VAR[media_rating_info]</label>
						<font>font_plot</font>
					</control>				
					<control type="grouplist">
						<left>960</left>
						<top>1760</top>
						<width>1280</width>
						<height>240</height>
						<include content="media_info_details">
							<param name="header" value="" />
							<param name="headervisible" value="false" />
							<param name="infowidth" value="1280" />
							<param name="info" value="[B][COLOR=$INFO[skin.string(header_color)]]$VAR[media_genre][/COLOR][/B]" />
							<param name="visible" value="![String.IsEmpty(ListItem.Genre) + String.IsEmpty(ListItem.Property(Artist_Genre)) + String.IsEmpty(Window(home).Property(SkinHelper.ListItem.Genre))]" />
						</include>
						<include content="media_info_details">
							<param name="header" value="Top250" />
							<param name="headervisible" value="true" />
							<param name="infowidth" value="1150" />
							<param name="info" value="$INFO[Window(home).Property(SkinHelper.ListItem.IMDB.Top250)]" />
							<param name="visible" value="Integer.IsGreater(Window(home).Property(SkinHelper.ListItem.IMDB.Top250),0)" />
						</include>
						<include content="media_info_details">
							<param name="header" value="$LOCALIZE[21875]" />
							<param name="headervisible" value="true" />
							<param name="infowidth" value="1150" />
							<param name="info" value="$VAR[media_country]" />
							<param name="visible" value="![String.IsEmpty(ListItem.Country) + String.IsEmpty(Window(home).Property(SkinHelper.ListItem.Country))]" />
						</include>
						<include content="media_info_details">
							<param name="header" value="$LOCALIZE[20339]" />
							<param name="headervisible" value="true" />
							<param name="infowidth" value="1150" />
							<param name="info" value="$INFO[ListItem.Director]" />
							<param name="visible" value="!String.IsEmpty(ListItem.Director)" />
						</include>
						<include content="media_info_details">
							<param name="header" value="$LOCALIZE[20388]" />
							<param name="headervisible" value="true" />
							<param name="infowidth" value="1150" />
							<param name="info" value="$INFO[Window(home).Property(SkinHelper.ListItem.Studio)]" />
							<param name="visible" value="!String.IsEmpty(Window(home).Property(SkinHelper.ListItem.Studio))" />
						</include>
						<include content="media_info_details">
							<param name="header" value="$LOCALIZE[31233]" />
							<param name="headervisible" value="true" />
							<param name="infowidth" value="1150" />
							<param name="info" value="$INFO[ListItem.Premiered]" />
							<param name="visible" value="!String.IsEmpty(ListItem.Premiered)" />
						</include>
						<include content="media_info_details">
							<param name="header" value="$LOCALIZE[176]" />
							<param name="headervisible" value="true" />
							<param name="infowidth" value="1150" />
							<param name="info" value="$INFO[ListItem.Property(Artist_Style)]" />
							<param name="visible" value="!String.IsEmpty(ListItem.Property(Artist_Style))" />
						</include>
						<include content="media_info_details">
							<param name="header" value="$LOCALIZE[21895]" />
							<param name="headervisible" value="true" />
							<param name="infowidth" value="1150" />
							<param name="info" value="$INFO[ListItem.Property(Album_Theme)]" />
							<param name="visible" value="!String.IsEmpty(ListItem.Property(Album_Theme))" />
						</include>
						<include content="media_info_details">
							<param name="header" value="$LOCALIZE[554]" />
							<param name="headervisible" value="true" />
							<param name="infowidth" value="1150" />
							<param name="info" value="$INFO[ListItem.TrackNumber]" />
							<param name="visible" value="!String.IsEmpty(ListItem.TrackNumber)" />
						</include>
						<include content="media_info_details">
							<param name="header" value="$LOCALIZE[180]" />
							<param name="headervisible" value="true" />
							<param name="infowidth" value="1150" />
							<param name="info" value="$INFO[ListItem.Duration]" />
							<param name="visible" value="false" />
						</include>
						<include content="media_info_details">
							<param name="header" value="$LOCALIZE[24051]" />
							<param name="headervisible" value="true" />
							<param name="infowidth" value="1150" />
							<param name="info" value="$INFO[ListItem.AddonVersion]" />
							<param name="visible" value="!String.IsEmpty(ListItem.AddonVersion)" />
						</include>
						<include content="media_info_details">
							<param name="header" value="$LOCALIZE[21863]" />
							<param name="headervisible" value="true" />
							<param name="infowidth" value="1150" />
							<param name="info" value="$INFO[ListItem.AddonCreator]" />
							<param name="visible" value="!String.IsEmpty(ListItem.AddonCreator)" />
						</include>											
					</control>
					<include content="media_info_plot">
						<param name="left" value="2300" />
						<param name="top" value="1662" />
						<param name="width" value="1440" />
						<param name="height" value="350" />
						<param name="label" value="$VAR[media_plot]" />							
						<param name="visible" value="true" />
					</include>											
				</control>									
				<control type="group">
					<left>90</left>
					<top>600</top>
					<animation effect="slide" start="-1200,0" end="0,0" time="1000" tween="sine" easing="out">WindowOpen</animation>
					<animation effect="slide" start="-1200,0" end="0,0" time="1000" tween="sine" easing="out">Visible</animation>
					<animation effect="fade" start="100" end="0" time="400">Hidden</animation>
					<include content="media_info_discart">
						<param name="view" value="50" />
						<param name="type" value="videos" />						
						<param name="left" value="46" />
						<param name="top" value="310" />
						<param name="size" value="700" />
						<param name="slidedisc1" value="340" />
						<param name="slidedisc2" value="0" />
						<param name="sliderow" value="0" />
						<param name="sliderowcondition" value="false" />
						<param name="slidecolumn" value="-16" />
						<param name="slidecolumncondition" value="Skin.HasSetting(view_50_videos_case_off)" />
						<param name="visible" value="true" />
					</include>
					<include content="media_info_discart">
						<param name="view" value="50" />
						<param name="type" value="music" />						
						<param name="left" value="90" />
						<param name="top" value="640" />
						<param name="size" value="640" />
						<param name="slidedisc1" value="0" />					
						<param name="slidedisc2" value="-300" />
						<param name="sliderow" value="-50" />
						<param name="sliderowcondition" value="Skin.HasSetting(view_50_music_case_off)" />
						<param name="slidecolumn" value="-40" />
						<param name="slidecolumncondition" value="Skin.HasSetting(view_50_music_case_off)" />
						<param name="visible" value="true" />
					</include>					
					<control type="grouplist">
						<left>780</left>
						<top>630</top>
						<width>1280</width>
						<height>390</height>				
						<itemgap>-292</itemgap>
						<orientation>horizontal</orientation>
						<animation type="Visible">
							<effect type="slide" start="-300,0" end="0,0" time="800" delay="1000" tween="sine" easing="inout" />
							<effect type="fade" start="0" end="100" time="800" delay="1000" />
						</animation>
						<animation effect="fade" end="100" time="500">WindowOpen</animation>
						<animation effect="fade" start="100" end="0" time="200">WindowClose</animation>
						<animation effect="fade" start="100" end="0" time="0">Hidden</animation>
						<visible>Window.IsActive(videos) + ListItem.IsCollection + Control.IsVisible(5003) + [String.IsEqual(skin.string(view_50_videos_discart),always) | String.IsEqual(skin.string(view_50_videos_discart),ifavailable) + !String.IsEmpty(Window(home).Property(SkinHelper.ListItem.Art.DiscArt))]</visible>
						<include content="discart_items">
							<param name="item" value="0" />
							<param name="size" value="390" />
						</include>
						<include content="discart_items">
							<param name="item" value="1" />
							<param name="size" value="390" />
						</include>
						<include content="discart_items">
							<param name="item" value="2" />
							<param name="size" value="390" />
						</include>
						<include content="discart_items">
							<param name="item" value="3" />
							<param name="size" value="390" />
						</include>
						<include content="discart_items">
							<param name="item" value="4" />
							<param name="size" value="390" />
						</include>
						<include content="discart_items">
							<param name="item" value="5" />
							<param name="size" value="390" />
						</include>
						<include content="discart_items">
							<param name="item" value="6" />
							<param name="size" value="390" />
						</include>
						<include content="discart_items">
							<param name="item" value="7" />
							<param name="size" value="390" />
						</include>
						<include content="discart_items">
							<param name="item" value="8" />
							<param name="size" value="390" />
						</include>
						<include content="discart_items">
							<param name="item" value="9" />
							<param name="size" value="390" />
						</include>
					</control>					
					<control type="group">
						<include>animation_fade</include>
						<visible>$EXP[content_control] | $EXP[view_videos_case_control] + Skin.HasSetting(view_50_videos_case_off) | $EXP[view_music_case_control] + Skin.HasSetting(view_50_music_case_off)</visible>
						<control type="image">
							<top>296</top>
							<width>736</width>
							<height>1050</height>
							<fadetime>100</fadetime>
							<fadetime>common_fade_time</fadetime>
							<aspectratio align="center" aligny="bottom">keep</aspectratio>
							<texture background="true">$VAR[media_thumb]</texture>							
						</control>
						<include content="media_overlays">
							<param name="item" value="0" />
							<param name="left" value="592" />
							<param name="top" value="1216" />
							<param name="size" value="120" />
							<param name="visible" value="true" />
						</include>	
					</control>					
					<control type="group">
						<fadetime>common_fade_time</fadetime>
						<visible>$EXP[view_videos_case_control] + !Skin.HasSetting(view_50_videos_case_off)</visible>					
						<control type="image">
							<left>-8</left>
							<top>296</top>
							<width>736</width>
							<height>1044</height>
							<fadetime>common_fade_time</fadetime>
							<aspectratio align="center" aligny="top">stretch</aspectratio>							
							<texture background="true">$VAR[media_thumb]</texture>							
						</control>
						<include content="media_case_video">
							<param name="view" value="50" />
							<param name="item" value="0" />
							<param name="condition" value="ListItem" />							
							<param name="caseleft" value="-70" />
							<param name="casetop" value="124" />
							<param name="casewidth" value="912" />
							<param name="caseheight" value="1320" />
							<param name="flagleft" value="253" />
							<param name="flagtop" value="136" />
							<param name="flagsize" value="210" />
							<param name="casereflecttop" value="0" />
							<param name="casereflectvisible" value="false" />
						</include>
						<include content="media_overlays">
							<param name="item" value="0" />
							<param name="left" value="600" />
							<param name="top" value="1210" />
							<param name="size" value="120" />
							<param name="visible" value="true" />
						</include>	
					</control>						
					<control type="group">
						<fadetime>common_fade_time</fadetime>						
						<visible>$EXP[view_music_case_control] + !Skin.HasSetting(view_50_music_case_off)</visible>			
						<control type="image">
							<left>65</left>
							<top>662</top>
							<width>686</width>
							<height>686</height>
							<fadetime>common_fade_time</fadetime>
							<aspectratio>stretch</aspectratio>
							<texture diffuse="thumb_music_case_diffuse.png" fallback="DefaultAudio.png" background="true">$VAR[media_thumb]</texture>							
						</control>
						<include content="media_case_music">
							<param name="view" value="50" />
							<param name="item" value="0" />
							<param name="condition" value="ListItem" />
							<param name="caseleft" value="-50" />
							<param name="casetop" value="650" />
							<param name="casewidth" value="834" />
							<param name="caseheight" value="728" />
							<param name="flagleft" value="-49" />
							<param name="flagtop" value="942" />
							<param name="flagsize" value="136" />
							<param name="casereflecttop" value="0" />
							<param name="casereflectvisible" value="false" />
						</include>
					</control>
				</control>				
				<control type="fixedlist" id="50">
					<viewtype label="-01">Right List</viewtype>
					<left>100</left>
					<top>120</top>
					<width>3840</width>
					<height>1090</height>					
					<onleft>9900</onleft>
					<onright>500</onright>					
					<pagecontrol>500</pagecontrol>
					<animation effect="slide" start="0,0" end="-90,0" time="150" easing="inout" tween="sine" condition="Control.HasFocus(500)">Conditional</animation>
					<itemlayout height="90">
						<control type="group">
							<animation effect="fade" end="50" condition="true">Conditional</animation>
							<visible>!Container(50).Row(1)</visible>
							<control type="label">
								<width>3640</width>
								<height>90</height>							
								<align>right</align>
								<label>$VAR[media_title]</label>
								<font>font_list_boldsmall</font>
								<scroll>false</scroll>
							</control>
							<include content="media_overlays">
								<param name="item" value="0" />
								<param name="left" value="3644" />
								<param name="top" value="6" />
								<param name="size" value="90" />
								<param name="visible" value="true" />
							</include>
						</control>
					</itemlayout>
					<focusedlayout height="280">
						<control type="group">
							<animation effect="slide" start="0,0" end="0,-100" time="0" condition="Container(50).Row(1)">Conditional</animation>
							<control type="label">
								<width>3640</width>
								<align>right</align>
								<label>$VAR[media_title]</label>
								<font>font_view_title</font>
							</control>
							<control type="label">
								<top>126</top>
								<width>3640</width>
								<height>120</height>														
								<align>right</align>
								<aligny>top</aligny>
								<label>$VAR[media_list_info_focus]</label>
								<font>font_plot</font>
								<animation effect="slide" end="-490,0" time="0" easing="inout" tween="sine" condition="Integer.IsGreater(ListItem.PercentPlayed,0)">Conditional</animation>
								<visible>!ListItem.IsParentFolder</visible>
							</control>
							<control type="progress">
								<left>3220</left>
								<top>158</top>
								<width>260</width>
								<info>ListItem.PercentPlayed</info>
								<visible>Integer.IsGreater(ListItem.PercentPlayed,0)</visible>
							</control>
							<control type="label">
								<left>3480</left>
								<top>134</top>
								<width>160</width>
								<height>60</height>
								<align>right</align>
								<label>$INFO[ListItem.PercentPlayed]%</label>
								<font>font_plot</font>
								<visible>Integer.IsGreater(ListItem.PercentPlayed,0)</visible>
							</control>
							<include content="media_overlays">
								<param name="item" value="0" />
								<param name="left" value="3644" />
								<param name="top" value="30" />
								<param name="size" value="90" />
								<param name="visible" value="true" />
							</include>
						</control>
					</focusedlayout>
				</control>
				<control type="image" id="5003">
					<include>invisible_image</include>
					<animation effect="fade" end="100" time="200" delay="300">WindowOpen</animation>
					<visible>![Container.OnNext | Container.OnPrevious]</visible>
				</control>				
				<include content="scroll_bar_vertical">
					<param name="id" value="500" />
					<param name="left" value="3750" />
					<param name="top" value="60" />
					<param name="height" value="1500" />
					<param name="onleft" value="50" />
					<param name="onright" value="9920" />
					<param name="hiddenfocus" value="true" />
					<param name="visible" value="Control.IsVisible(50) + Control.HasFocus(500)" />
				</include>
			</control>			
		</control>
	</include>
</includes>