<?xml version="1.0" encoding="UTF-8"?>
<includes><!-- Aeon MQ 9 -->
	<include name="view_58">
		<control type="group">
			<animation effect="fade" time="400">VisibleChange</animation>
			<visible>Control.IsVisible(58)</visible>
			<include content="media_info_title">
				<param name="view" value="58" />
				<param name="vignette" value="false" />
				<param name="mask" value="true" />
				<param name="plot" value="false" />
				<param name="panel" value="true" />
			</include>			
			<control type="group">
				<visible>Window.IsActive(videos)</visible>
				<control type="group" id="5801">
					<animation effect="slide" start="0,0" end="0,-60" time="400" tween="cubic" easing="inout" condition="!Skin.HasSetting(view_58_videos_case_off) + [Container.Content(movies) | Container.Content(musicvideos) | Container.Content(sets) | Container.Content(tvshows) | Container.Content(seasons)]">Conditional</animation>
					<top>650</top>
					<visible>Container.OnNext</visible>
					<animation effect="slide" end="-300,0" time="250" reversible="false">Hidden</animation>
					<control type="group">
						<left>240</left>
						<visible>Container.OnNext</visible>
						<animation effect="fade" start="100" end="0" time="250" reversible="false">Hidden</animation>
						<animation effect="rotatey" center="180" start="-60" end="-60" time="0" condition="true">Conditional</animation>
						<include content="view_58_videos_item">	
							<param name="item" value="-4" />
						</include>
					</control>
					<control type="group">
						<left>540</left>
						<animation effect="rotatey" center="480" start="-60" end="-60" time="0" condition="true">Conditional</animation>
						<include content="view_58_videos_item">	
							<param name="item" value="-3" />
						</include>
					</control>
					<control type="group">
						<left>840</left>
						<animation effect="rotatey" center="780" start="-60" end="-60" time="0" condition="true">Conditional</animation>
						<include content="view_58_videos_item">	
							<param name="item" value="-2" />
						</include>
					</control>
					<control type="group">
						<left>3000</left>
						<visible>!Container.OnNext</visible>
						<animation effect="fade" start="0" end="100" delay="0" time="250" reversible="false">Visible</animation>
						<animation effect="rotatey" center="3960" start="60" end="60" time="0" condition="true">Conditional</animation>
						<include content="view_58_videos_item">	
							<param name="item" value="3" />
						</include>
					</control>
					<control type="group">
						<left>2700</left>
						<animation effect="rotatey" center="3660" start="60" end="60" time="0" condition="true">Conditional</animation>
						<include content="view_58_videos_item">	
							<param name="item" value="2" />
						</include>
					</control>
					<control type="group">
						<left>2400</left>
						<animation effect="rotatey" center="3360" start="60" end="60" time="0" condition="true">Conditional</animation>
						<include content="view_58_videos_item">	
							<param name="item" value="1" />
						</include>
					</control>
					<control type="group">
						<visible>Container.OnNext</visible>
						<animation effect="slide" end="-330,0" time="250" reversible="false">Hidden</animation>
						<control type="group">
							<left>2100</left>
							<visible>Container.OnNext</visible>
							<animation effect="rotatey" center="3060" start="0" end="-60" time="250" reversible="false" tween="quadratic" easing="in">Hidden</animation>
							<animation effect="rotatey" center="3060" start="60" end="60" time="0" condition="true">Conditional</animation>
							<include content="view_58_videos_item">	
							<param name="item" value="0" />
						</include>
						</control>
						<control type="group">
							<left>1470</left>
							<visible>Container.OnNext</visible>
							<animation effect="rotatey" center="1410" start="0" end="-60" time="250" reversible="false" tween="quadratic" easing="out">Hidden</animation>
							<include content="view_58_videos_item">	
							<param name="item" value="-1" />
						</include>
						</control>
					</control>
				</control>
				<control type="group" id="5802">
					<animation effect="slide" start="0,0" end="0,-60" time="400" tween="cubic" easing="inout" condition="!Skin.HasSetting(view_58_videos_case_off)">Conditional</animation>
					<top>650</top>
					<visible>Container.OnPrevious</visible>
					<animation effect="slide" end="300,0" time="250" reversible="false">Hidden</animation>
					<control type="group">
						<left>2700</left>
						<visible>Container.OnPrevious</visible>
						<animation effect="fade" start="100" end="0" time="250" reversible="false">Hidden</animation>
						<animation effect="rotatey" center="3660" start="60" end="60" time="0" condition="true">Conditional</animation>
						<include content="view_58_videos_item">	
							<param name="item" value="4" />
						</include>
					</control>
					<control type="group">
						<left>2400</left>
						<animation effect="rotatey" center="3360" start="60" end="60" time="0" condition="true">Conditional</animation>
						<include content="view_58_videos_item">	
							<param name="item" value="3" />
						</include>
					</control>
					<control type="group">
						<left>2100</left>
						<animation effect="rotatey" center="3060" start="60" end="60" time="0" condition="true">Conditional</animation>
						<include content="view_58_videos_item">	
							<param name="item" value="2" />
						</include>
					</control>
					<control type="group">
						<left>-60</left>
						<visible>!Container.OnPrevious</visible>
						<animation effect="fade" start="0" end="100" time="250" reversible="false">Visible</animation>
						<animation effect="rotatey" center="-120" start="-60" end="-60" time="0" condition="true">Conditional</animation>
						<include content="view_58_videos_item">	
							<param name="item" value="-3" />
						</include>
					</control>
					<control type="group">
						<left>240</left>
						<animation effect="rotatey" center="180" start="-60" end="-60" time="0" condition="true">Conditional</animation>
						<include content="view_58_videos_item">	
							<param name="item" value="-2" />
						</include>
					</control>
					<control type="group">
						<left>540</left>
						<animation effect="rotatey" center="480" start="-60" end="-60" time="0" condition="true">Conditional</animation>
						<include content="view_58_videos_item">	
							<param name="item" value="-1" />
						</include>
					</control>
					<control type="group">
						<visible>Container.OnPrevious</visible>
						<animation effect="slide" end="330,0" time="250" reversible="false">Hidden</animation>
						<control type="group">
							<left>840</left>
							<visible>Container.OnPrevious</visible>
							<animation effect="rotatey" center="780" start="0" end="60" time="250" reversible="false" tween="quadratic" easing="in">Hidden</animation>
							<animation effect="rotatey" center="780" start="-60" end="-60" time="0" condition="true">Conditional</animation>
							<include content="view_58_videos_item">	
							<param name="item" value="0" />
						</include>
						</control>
						<control type="group">
							<left>1470</left>
							<visible>Container.OnPrevious</visible>
							<animation effect="rotatey" center="2430" start="0" end="60" time="250" reversible="false" tween="quadratic" easing="out">Hidden</animation>
							<include content="view_58_videos_item">	
							<param name="item" value="1" />
						</include>
						</control>
					</control>
				</control>
				<control type="group" id="5800">
					<animation effect="slide" start="0,0" end="0,-60" time="400" tween="cubic" easing="inout" condition="!Skin.HasSetting(view_58_videos_case_off)">Conditional</animation>
					<top>650</top>
					<visible>!Control.IsVisible(5801) + !Control.IsVisible(5802)</visible>
					<control type="group">
						<left>240</left>
						<animation effect="rotatey" center="180" start="-60" end="-60" time="0" condition="true">Conditional</animation>
						<include content="view_58_videos_item">	
							<param name="item" value="-3" />
						</include>
					</control>
					<control type="group">
						<left>540</left>
						<animation effect="rotatey" center="480" start="-60" end="-60" time="0" condition="true">Conditional</animation>
						<include content="view_58_videos_item">	
							<param name="item" value="-2" />
						</include>
					</control>
					<control type="group">
						<left>840</left>
						<animation effect="rotatey" center="780" start="-60" end="-60" time="0" condition="true">Conditional</animation>
						<include content="view_58_videos_item">	
							<param name="item" value="-1" />
						</include>
					</control>
					<control type="group">
						<left>2700</left>
						<animation effect="rotatey" center="3660" start="60" end="60" time="0" condition="true">Conditional</animation>
						<include content="view_58_videos_item">	
							<param name="item" value="3" />
						</include>
					</control>
					<control type="group">
						<left>2400</left>
						<animation effect="rotatey" center="3360" start="60" end="60" time="0" condition="true">Conditional</animation>
						<include content="view_58_videos_item">	
							<param name="item" value="2" />
						</include>
					</control>
					<control type="group">
						<left>2100</left>
						<animation effect="rotatey" center="3060" start="60" end="60" time="0" condition="true">Conditional</animation>
						<include content="view_58_videos_item">	
							<param name="item" value="1" />
						</include>
					</control>
					<control type="group">
						<left>1470</left>
						<include content="view_58_videos_item">	
							<param name="item" value="0" />
						</include>
					</control>
				</control>
			</control>			
			<control type="group">
				<visible>Window.IsActive(music) | Window.IsActive(musicplaylist)</visible>
				<control type="group" id="5801">
					<left>6</left>
					<top>900</top>
					<visible>Container.OnNext</visible>
					<animation effect="slide" end="-300,0" time="250" reversible="false">Hidden</animation>
					<animation effect="slide" start="0,0" end="-28,0" time="0" condition="Container.Content(Artists)">Conditional</animation>
					<control type="group">
						<left>60</left>
						<visible>Container.OnNext</visible>
						<animation effect="fade" start="100" end="0" time="250" reversible="false">Hidden</animation>
						<animation effect="rotatey" center="0" start="-65" end="-65" time="0" condition="true">Conditional</animation>
						<include content="view_58_music_item">	
							<param name="item" value="-4" />
						</include>
					</control>
					<control type="group">
						<left>360</left>
						<animation effect="rotatey" center="300" start="-65" end="-65" time="0" condition="true">Conditional</animation>
						<include content="view_58_music_item">	
							<param name="item" value="-3" />
						</include>
					</control>
					<control type="group">
						<left>660</left>
						<animation effect="rotatey" center="600" start="-65" end="-65" time="0" condition="true">Conditional</animation>
						<include content="view_58_music_item">	
							<param name="item" value="-2" />
						</include>
					</control>
					<control type="group">
						<left>3000</left>
						<visible>!Container.OnNext</visible>
						<animation effect="fade" start="0" end="100" delay="0" time="250" reversible="false">Visible</animation>
						<animation effect="rotatey" center="4140" start="65" end="65" time="0" condition="true">Conditional</animation>
						<include content="view_58_music_item">	
							<param name="item" value="3" />
						</include>
					</control>
					<control type="group">
						<left>2700</left>
						<animation effect="rotatey" center="3840" start="65" end="65" time="0" condition="true">Conditional</animation>
						<include content="view_58_music_item">	
							<param name="item" value="2" />
						</include>
					</control>
					<control type="group">
						<left>2400</left>
						<animation effect="rotatey" center="3540" start="65" end="65" time="0" condition="true">Conditional</animation>
						<include content="view_58_music_item">	
							<param name="item" value="1" />
						</include>
					</control>
					<control type="group">
						<visible>Container.OnNext</visible>
						<animation effect="slide" end="-420,0" time="250" reversible="false">Hidden</animation>
						<control type="group">
							<left>2100</left>
							<visible>Container.OnNext</visible>
							<animation effect="rotatey" center="3240" start="0" end="-65" time="250" reversible="false" tween="quadratic" easing="in">Hidden</animation>
							<animation effect="rotatey" center="3240" start="65" end="65" time="0" condition="true">Conditional</animation>
							<include content="view_58_music_item">	
							<param name="item" value="0" />
						</include>
						</control>
						<control type="group">
							<left>1380</left>
							<visible>Container.OnNext</visible>
							<animation effect="rotatey" center="1350" start="0" end="-65" time="250" reversible="false" tween="quadratic" easing="out">Hidden</animation>
							<include content="view_58_music_item">	
							<param name="item" value="-1" />
						</include>
						</control>
					</control>
				</control>
				<control type="group" id="5802">
					<left>6</left>
					<top>900</top>
					<visible>Container.OnPrevious</visible>
					<animation effect="slide" start="0,0" end="-56,0" time="0" condition="Container.Content(Artists)">Conditional</animation>
					<animation effect="slide" end="300,0" time="250" reversible="false">Hidden</animation>
					<control type="group">
						<left>2700</left>
						<visible>Container.OnPrevious</visible>
						<animation effect="fade" start="100" end="0" time="250" reversible="false">Hidden</animation>
						<animation effect="rotatey" center="3840" start="65" end="65" time="0" condition="true">Conditional</animation>
						<include content="view_58_music_item">	
							<param name="item" value="4" />
						</include>
					</control>
					<control type="group">
						<left>2400</left>
						<animation effect="rotatey" center="3540" start="65" end="65" time="0" condition="true">Conditional</animation>
						<include content="view_58_music_item">	
							<param name="item" value="3" />
						</include>
					</control>
					<control type="group">
						<left>2100</left>
						<animation effect="rotatey" center="3240" start="65" end="65" time="0" condition="true">Conditional</animation>
						<include content="view_58_music_item">	
							<param name="item" value="2" />
						</include>
					</control>
					<control type="group">
						<left>-240</left>
						<visible>!Container.OnPrevious</visible>
						<animation effect="fade" start="0" end="100" time="250" reversible="false">Visible</animation>
						<animation effect="rotatey" center="-300" start="-65" end="-65" time="0" condition="true">Conditional</animation>
						<include content="view_58_music_item">	
							<param name="item" value="-3" />
						</include>
					</control>
					<control type="group">
						<left>60</left>
						<animation effect="rotatey" center="0" start="-65" end="-65" time="0" condition="true">Conditional</animation>
						<include content="view_58_music_item">	
							<param name="item" value="-2" />
						</include>
					</control>
					<control type="group">
						<left>360</left>
						<animation effect="rotatey" center="300" start="-65" end="-65" time="0" condition="true">Conditional</animation>
						<include content="view_58_music_item">	
							<param name="item" value="-1" />
						</include>
					</control>
					<control type="group">
						<visible>Container.OnPrevious</visible>
						<animation effect="slide" end="420,0" time="250" reversible="false">Hidden</animation>
						<control type="group">
							<left>660</left>
							<visible>Container.OnPrevious</visible>
							<animation effect="rotatey" center="600" start="0" end="65" time="250" reversible="false" tween="quadratic" easing="in">Hidden</animation>
							<animation effect="rotatey" center="600" start="-65" end="-65" time="0" condition="true">Conditional</animation>
							<include content="view_58_music_item">	
							<param name="item" value="0" />
						</include>
						</control>
						<control type="group">
							<left>1380</left>
							<visible>Container.OnPrevious</visible>
							<animation effect="rotatey" center="2520" start="0" end="65" time="250" reversible="false" tween="quadratic" easing="out">Hidden</animation>
							<include content="view_58_music_item">	
							<param name="item" value="1" />
						</include>
						</control>
					</control>
				</control>
				<control type="group" id="5800">
					<left>6</left>
					<top>900</top>
					<animation effect="slide" start="0,0" end="-56,0" time="0" condition="Container.Content(Artists)">Conditional</animation>
					<visible>!Control.IsVisible(5801) + !Control.IsVisible(5802)</visible>
					<control type="group">
						<left>60</left>
						<animation effect="rotatey" center="0" start="-65" end="-65" time="0" condition="true">Conditional</animation>
						<include content="view_58_music_item">	
							<param name="item" value="-3" />
						</include>
					</control>
					<control type="group">
						<left>360</left>
						<animation effect="rotatey" center="300" start="-65" end="-65" time="0" condition="true">Conditional</animation>
						<include content="view_58_music_item">	
							<param name="item" value="-2" />
						</include>
					</control>
					<control type="group">
						<left>660</left>
						<animation effect="rotatey" center="600" start="-65" end="-65" time="0" condition="true">Conditional</animation>
						<include content="view_58_music_item">	
							<param name="item" value="-1" />
						</include>
					</control>
					<control type="group">
						<left>2700</left>
						<animation effect="rotatey" center="3840" start="65" end="65" time="0" condition="true">Conditional</animation>
						<include content="view_58_music_item">	
							<param name="item" value="3" />
						</include>
					</control>
					<control type="group">
						<left>2400</left>
						<animation effect="rotatey" center="3540" start="65" end="65" time="0" condition="true">Conditional</animation>
						<include content="view_58_music_item">	
							<param name="item" value="2" />
						</include>
					</control>
					<control type="group">
						<left>2100</left>
						<animation effect="rotatey" center="3240" start="65" end="65" time="0" condition="true">Conditional</animation>
						<include content="view_58_music_item">	
							<param name="item" value="1" />
						</include>
					</control>
					<control type="group">
						<left>1380</left>
						<include content="view_58_music_item">	
							<param name="item" value="0" />
						</include>
					</control>
				</control>
			</control>		
			<include content="view_58_videos_content" condition="Window.IsActive(videos)">
			</include>
			<include content="view_58_music_content" condition="Window.IsActive(music) | Window.IsActive(musicplaylist)">
			</include>
		</control>
	</include>	
	<include name="view_58_videos_content">
		<definition>
			<control type="wraplist" id="58">
				<viewtype label="-10">icon</viewtype>
				<left>-1230</left>
				<top>690</top>
				<width>6300</width>
				<height>1284</height>
				<onleft>58</onleft>
				<onright>58</onright>
				<onup condition="String.IsEqual(skin.string(view_58_panel),manual) + !String.IsEqual(ListItem.Label,..)">5830</onup>
				<onup condition="![String.IsEqual(skin.string(view_58_panel),manual) + !String.IsEqual(ListItem.Label,..)]">9900</onup>
				<ondown>580</ondown>
				<pagecontrol>580</pagecontrol>
				<orientation>horizontal</orientation>
				<focusposition>3</focusposition>
				<hitrect x="1530" y="900" w="780" h="1140" />
				<animation effect="slide" start="0,0" end="0,-60" time="400" tween="cubic" easing="inout" condition="!Skin.HasSetting(view_58_videos_case_off)">Conditional</animation>
				<visible>Container.Content(movies) | Container.Content(musicvideos) | Container.Content(sets) | Container.Content(tvshows) | Container.Content(seasons)</visible>
				<itemlayout width="900" height="1320" />
				<focusedlayout width="900" height="1320">
			</focusedlayout>
			</control>
			<control type="image" id="5820">
				<include>invisible_image</include>
				<animation effect="fade" start="0" end="100" time="150" delay="2000">Visible</animation>
				<visible>![Container.OnNext | Container.OnPrevious]</visible>
			</control>
			<control type="button" id="5830">
				<include>invisible_button</include>
				<onleft>58</onleft>
				<onright>58</onright>
				<onup>9900</onup>
				<ondown>58</ondown>
			</control>
			<include content="scrollbar_horizontal">
				<param name="id" value="580" />
				<param name="left" value="916" />
				<param name="top" value="1910" />
				<param name="width" value="2010" />
				<param name="onup" value="58" />
				<param name="ondown" value="9920" />
				<param name="hiddenfocus" value="true" />
				<param name="visible" value="Control.IsVisible(58) + Control.HasFocus(580)" />
			</include>
		</definition>
	</include>
	<include name="view_58_music_content">
		<definition>
			<control type="wraplist" id="58">
				<viewtype label="-10">icon</viewtype>
				<left>-1420</left>
				<top>900</top>
				<width>6678</width>
				<height>954</height>
				<onleft>58</onleft>
				<onright>58</onright>
				<onup condition="String.IsEqual(skin.string(view_58_panel),manual) + !String.IsEqual(ListItem.Label,..)">5830</onup>
				<onup condition="![String.IsEqual(skin.string(view_58_panel),manual) + !String.IsEqual(ListItem.Label,..)]">9900</onup>
				<ondown>580</ondown>
				<pagecontrol>580</pagecontrol>
				<orientation>horizontal</orientation>
				<focusposition>3</focusposition>
				<hitrect x="1470" y="1110" w="954" h="954" />
				<animation effect="slide" start="0,0" end="0,-60" time="400" tween="cubic" easing="inout" condition="!Skin.HasSetting(view_58_music_case_off)">Conditional</animation>
				<visible>Container.Content(albums) | Container.Content(artits) | Container.Content(songs)</visible>
				<itemlayout width="954" height="954" />
				<focusedlayout width="954" height="954">
				</focusedlayout>
			</control>
			<include content="scrollbar_horizontal">
				<param name="id" value="580" />
				<param name="left" value="916" />
				<param name="top" value="1910" />
				<param name="width" value="2010" />
				<param name="onup" value="58" />
				<param name="ondown" value="9920" />
				<param name="hiddenfocus" value="true" />
				<param name="visible" value="Control.IsVisible(58) + Control.HasFocus(580)" />
			</include>
		</definition>
	</include>
	<include name="view_58_videos_item">
		<definition>
			<control type="group">
				<visible>Skin.HasSetting(view_58_videos_case_off)</visible>
				<control type="image">
					<left>60</left>
					<top>1266</top>
					<width>780</width>
					<height>1100</height>
					<aspectratio>stretch</aspectratio>
					<texture flipy="true" diffuse="view_53_thumb_reflect.png" background="true">$VAR[media_thumb_$PARAM[item]]</texture>
				</control>
				<control type="image">
					<left>60</left>
					<top>164</top>
					<width>780</width>
					<height>1100</height>
					<aspectratio>stretch</aspectratio>
					<texture diffuse="thumb_poster_diffuse.png" background="true">$VAR[media_thumb_$PARAM[item]]</texture>
				</control>
			</control>
			<control type="group">
				<visible>!Skin.HasSetting(view_58_videos_case_off)</visible>
				<control type="image">
					<left>60</left>
					<top>1323</top>
					<width>780</width>
					<height>1072</height>
					<aspectratio>stretch</aspectratio>
					<texture flipy="true" diffuse="thumb_reflect.png" background="true">$VAR[media_thumb_$PARAM[item]]</texture>
				</control>
				<control type="image">
					<left>60</left>
					<top>216</top>
					<width>780</width>
					<height>1072</height>
					<aspectratio>stretch</aspectratio>
					<texture background="true">$VAR[media_thumb_$PARAM[item]]</texture>
				</control>
				<include content="media_case_video">
					<param name="view" value="58" />
					<param name="item" value="$PARAM[item]" />
					<param name="condition" value="ListItem" />							
					<param name="caseleft" value="-8" />
					<param name="casetop" value="40" />					
					<param name="casewidth" value="966" />
					<param name="caseheight" value="1356" />
					<param name="flagleft" value="336" />
					<param name="flagtop" value="48" />
					<param name="flagsize" value="222" />
					<param name="casereflecttop" value="1214" />
					<param name="casereflectvisible" value="true" />
				</include>
				<include content="media_overlays">
					<param name="item" value="$PARAM[item]" />
					<param name="left" value="678" />
					<param name="top" value="210" />
					<param name="size" value="164" />
					<param name="visible" value="true" />
				</include>	
			</control>
		</definition>
	</include>
	<include name="view_58_music_item">
		<definition>
			<control type="group">
			<visible>Skin.HasSetting(view_58_music_case_off)</visible>
				<control type="image">
					<left>102</left>
					<top>980</top>
					<width>954</width>
					<height>954</height>
					<aspectratio>stretch</aspectratio>
					<texture flipy="true" diffuse="thumb_reflect.png" background="true">$VAR[media_thumb_$PARAM[item]]</texture>
					<bordertexture flipy="true" diffuse="thumb_reflect.png" colordiffuse="$INFO[skin.string(texture_highlight_color)]" border="-4">white.png</bordertexture>
				</control>
				<control type="image">
					<left>102</left>
					<top>16</top>
					<width>954</width>
					<height>954</height>
					<aspectratio>stretch</aspectratio>
					<texture background="true">$VAR[media_thumb_$PARAM[item]]</texture>
				</control>
			</control>
			<control type="group">
				<visible>!Skin.HasSetting(view_58_music_case_off)</visible>
				<control type="image">
					<left>132</left>
					<top>985</top>
					<width>960</width>
					<height>960</height>
					<aspectratio>stretch</aspectratio>
					<texture flipy="true" diffuse="thumb_music_case_diffuse_reflect.png" background="true">$VAR[media_thumb_$PARAM[item]]</texture>
				</control>
				<control type="image">
					<left>132</left>
					<width>960</width>
					<height>960</height>
					<aspectratio>stretch</aspectratio>
					<texture diffuse="thumb_music_case_diffuse.png" background="true">$VAR[media_thumb_$PARAM[item]]</texture>
				</control>
				<include content="media_case_music">
					<param name="view" value="58" />
					<param name="item" value="$PARAM[item]" />
					<param name="condition" value="ListItem" />							
					<param name="caseleft" value="-30" />
					<param name="casetop" value="-18" />					
					<param name="casewidth" value="1164" />
					<param name="caseheight" value="1020" />
					<param name="flagleft" value="-30" />
					<param name="flagtop" value="383" />
					<param name="flagsize" value="196" />
					<param name="casereflecttop" value="938" />
					<param name="casereflectvisible" value="true" />
				</include>
				<include content="media_overlays">
					<param name="item" value="$PARAM[item]" />
					<param name="left" value="925" />
					<param name="top" value="10" />
					<param name="size" value="150" />
					<param name="visible" value="true" />
				</include>
			</control>				
		</definition>
	</include>	
</includes>
