<?xml version="1.0" encoding="UTF-8"?>
<includes><!-- Aeon MQ 9 -->
	<include name="view_51">
		<control type="group">
			<animation effect="fade" time="400">VisibleChange</animation>
			<visible>Control.IsVisible(51)</visible>
			<include content="media_info_title">
				<param name="view" value="51" />
				<param name="vignette" value="false" />
				<param name="mask" value="true" />
				<param name="plot" value="!Container.Content(episodes)" />
				<param name="panel" value="true" />
			</include>							
			<control type="group">
				<animation effect="slide" start="0,0" end="0,-100" time="150" tween="sine" easing="inout" condition="Control.HasFocus(510)">Conditional</animation>
				<animation effect="slide" start="0,0" end="-18,-460" time="150" tween="sine" easing="inout" condition="Container.Content(episodes)">Conditional</animation>
				<control type="group">
					<animation effect="fade" end="100" time="200">Visible</animation>
					<animation effect="slide" start="0,0" end="40,0" time="150" easing="inout" tween="sine" condition="Window.IsActive(videos) + Skin.HasSetting(view_51_videos_case_off)">Conditional</animation>
					<include content="media_info_discart">
						<param name="view" value="51" />
						<param name="type" value="videos" />					
						<param name="left" value="325" />
						<param name="top" value="872" />
						<param name="size" value="550" />
						<param name="slidedisc1" value="410" />
						<param name="slidedisc2" value="0" />
						<param name="sliderow" value="0" />
						<param name="sliderowcondition" value="false" />
						<param name="slidecolumn" value="0" />
						<param name="slidecolumncondition" value="false" />
						<param name="visible" value="Window.IsActive(videos)" />
					</include>
					<include content="media_info_discart">
						<param name="view" value="51" />
						<param name="type" value="music" />					
						<param name="left" value="364" />
						<param name="top" value="1153" />
						<param name="size" value="814" />
						<param name="slidedisc1" value="0" />
						<param name="slidedisc2" value="-456" />
						<param name="sliderow" value="0" />
						<param name="sliderowcondition" value="false" />
						<param name="slidecolumn" value="-117" />
						<param name="slidecolumncondition" value="Skin.HasSetting(view_51_music_case_off)" />
						<param name="visible" value="Window.IsActive(music)" />
					</include>					
					<control type="grouplist">
						<left>1100</left>
						<top>1031</top>
						<width>1280</width>
						<height>390</height>				
						<itemgap>-292</itemgap>
						<orientation>horizontal</orientation>
						<animation effect="fade" end="100" time="800" delay="1000">Visible</animation>
						<animation effect="fade" end="100" time="500">WindowOpen</animation>
						<animation effect="fade" start="100" end="0" time="200">WindowClose</animation>
						<animation effect="fade" start="100" end="0" time="0">Hidden</animation>
						<visible>Window.IsActive(videos) + ListItem.IsCollection + Control.IsVisible(5103) + [String.IsEqual(skin.string(view_51_videos_discart),always) | String.IsEqual(skin.string(view_51_videos_discart),ifavailable)]</visible>
						<include content="discart_items">
							<param name="item" value="0" />
							<param name="size" value="390" />
						</include>
						<include content="discart_items">
							<param name="item" value="1" />
							<param name="size" value="390" />
						</include>
						<include content="discart_items">
							<param name="item" value="2" />
							<param name="size" value="390" />
						</include>
						<include content="discart_items">
							<param name="item" value="3" />
							<param name="size" value="390" />
						</include>
						<include content="discart_items">
							<param name="item" value="4" />
							<param name="size" value="390" />
						</include>
						<include content="discart_items">
							<param name="item" value="5" />
							<param name="size" value="390" />
						</include>
						<include content="discart_items">
							<param name="item" value="6" />
							<param name="size" value="390" />
						</include>
						<include content="discart_items">
							<param name="item" value="7" />
							<param name="size" value="390" />
						</include>
						<include content="discart_items">
							<param name="item" value="8" />
							<param name="size" value="390" />
						</include>
						<include content="discart_items">
							<param name="item" value="9" />
							<param name="size" value="390" />
						</include>
					</control>					
				</control>				
				<control type="fixedlist" id="51">
					<viewtype label="-04">Frame</viewtype>
					<left>200</left>
					<top>695</top>
					<width>3460</width>
					<height>2000</height>
					<onup condition="String.IsEqual(skin.string(view_51_panel),manual) + !String.IsEqual(ListItem.Label,..)">5130</onup>
					<onup condition="![String.IsEqual(skin.string(view_51_panel),manual) + !String.IsEqual(ListItem.Label,..)]">9900</onup>
					<ondown>510</ondown>	
					<pagecontrol>510</pagecontrol>
					<orientation>horizontal</orientation>
					<visible>Container.Content(movies) | Container.Content(musicvideos) | Container.Content(sets) | Container.Content(tvshows) | Container.Content(seasons) | Container.Content(episodes) | Container.Content(albums) | Container.Content(artits) | Container.Content(songs) | Container.Content(favourites)</visible>
					<itemlayout width="371" height="511" condition="Window.IsActive(videos) + !Container.Content(episodes)">
						<control type="group">
							<visible>Skin.HasSetting(view_51_videos_case_off)</visible>
							<control type="image">
								<top>820</top>
								<width>351</width>
								<height>501</height>
								<aspectratio align="left" aligny="bottom">keep</aspectratio>
								<texture fallback="DefaultVideo.png" background="true">$VAR[media_thumb]</texture>
							</control>
							<include content="media_overlays">
								<param name="item" value="0" />
								<param name="left" value="283" />
								<param name="top" value="828" />
								<param name="size" value="60" />
								<param name="visible" value="true" />
							</include>
						</control>
						<control type="group">
							<visible>!Skin.HasSetting(view_51_videos_case_off)</visible>
							<control type="image">
								<top>815</top>
								<width>351</width>
								<height>501</height>
								<aspectratio align="left" aligny="bottom">stretch</aspectratio>
								<texture fallback="DefaultVideo.png" background="true">$VAR[media_thumb]</texture>								
							</control>
							<include content="media_case_video">
								<param name="view" value="51" />
								<param name="item" value="0" />
								<param name="condition" value="ListItem" />							
								<param name="caseleft" value="-30" />
								<param name="casetop" value="733" />
								<param name="casewidth" value="432" />
								<param name="caseheight" value="633" />
								<param name="flagleft" value="125" />
								<param name="flagtop" value="740" />
								<param name="flagsize" value="98" />
								<param name="casereflecttop" value="0" />
								<param name="casereflectvisible" value="false" />
							</include>
							<include content="media_overlays">
								<param name="item" value="0" />
								<param name="left" value="283" />
								<param name="top" value="820" />
								<param name="size" value="60" />
								<param name="visible" value="true" />
							</include>
						</control>
					</itemlayout>
					<focusedlayout width="875" height="1500" condition="Window.IsActive(videos) + !Container.Content(episodes)">
						<control type="group">
							<visible>$EXP[content_control] | $EXP[view_videos_case_control] + Skin.HasSetting(view_51_videos_case_off)</visible>
							<control type="image">
								<top>115</top>
								<width>846</width>
								<height>1207</height>
								<aspectratio align="left" aligny="bottom">keep</aspectratio>
								<fadetime>50</fadetime>
								<texture fallback="DefaultVideo.png" background="true">$VAR[media_thumb]</texture>							
							</control>
							<include content="media_overlays">
								<param name="item" value="0" />
								<param name="left" value="705" />
								<param name="top" value="140" />
								<param name="size" value="124" />
								<param name="visible" value="true" />
							</include>
						</control>
						<control type="group">
							<visible>$EXP[view_videos_case_control] + !Skin.HasSetting(view_51_videos_case_off)</visible>					
							<control type="image">
								<left>5</left>
								<top>170</top>
								<width>799</width>
								<height>1139</height>
								<aspectratio align="center" aligny="top">stretch</aspectratio>
								<fadetime>50</fadetime>							
								<texture fallback="DefaultVideo.png" background="true">$VAR[media_thumb]</texture>							
							</control>
							<include content="media_case_video">
								<param name="view" value="51" />
								<param name="item" value="0" />
								<param name="condition" value="ListItem" />							
								<param name="caseleft" value="-60" />
								<param name="casetop" value="-15" />
								<param name="casewidth" value="982" />
								<param name="caseheight" value="1438" />
								<param name="flagleft" value="286" />
								<param name="flagtop" value="1" />
								<param name="flagsize" value="223" />
								<param name="casereflecttop" value="0" />
								<param name="casereflectvisible" value="false" />
							</include>					
							<include content="media_overlays">
								<param name="item" value="0" />
								<param name="left" value="670" />
								<param name="top" value="188" />
								<param name="size" value="124" />
								<param name="visible" value="true" />
							</include>	
						</control>
					</focusedlayout>					
					<itemlayout width="600" height="511" condition="Window.IsActive(music)">
						<control type="group">
							<visible>Skin.HasSetting(view_51_music_case_off)</visible>
							<control type="image">
								<top>812</top>
								<width>510</width>
								<height>510</height>
								<aspectratio align="left" aligny="bottom">stretch</aspectratio>
								<texture background="true">$VAR[media_thumb]</texture>
							</control>
							<include content="media_overlays">
								<param name="item" value="0" />
								<param name="left" value="437" />
								<param name="top" value="820" />
								<param name="size" value="65" />
								<param name="visible" value="true" />
							</include>
						</control>
						<control type="group">
							<visible>!Skin.HasSetting(view_51_music_case_off)</visible>
							<control type="image">
								<top>818</top>
								<width>501</width>
								<height>501</height>
								<aspectratio align="left" aligny="bottom">stretch</aspectratio>
								<texture diffuse="thumb_music_case_diffuse.png" background="true">$VAR[media_thumb]</texture>
							</control>
							<include content="media_case_music">
								<param name="view" value="51" />
								<param name="item" value="0" />
								<param name="condition" value="ListItem" />							
								<param name="caseleft" value="-84" />
								<param name="casetop" value="809" />
								<param name="casewidth" value="610" />
								<param name="caseheight" value="530" />
								<param name="flagleft" value="-82" />
								<param name="flagtop" value="1015" />
								<param name="flagsize" value="98" />
								<param name="casereflecttop" value="0" />
								<param name="casereflectvisible" value="false" />
							</include>
							<include content="media_overlays">
								<param name="item" value="0" />
								<param name="left" value="432" />
								<param name="top" value="828" />
								<param name="size" value="65" />
								<param name="visible" value="true" />
							</include>
						</control>
					</itemlayout>
					<focusedlayout width="1131" height="1028" condition="Window.IsActive(music)">
						<control type="group">
							<visible>Skin.HasSetting(view_51_music_case_off)</visible>
							<control type="image">
								<top>414</top>
								<width>908</width>
								<height>908</height>
								<aspectratio align="center" aligny="top">stretch</aspectratio>
								<fadetime>50</fadetime>							
								<texture background="true">$VAR[media_thumb]</texture>							
							</control>
							<include content="media_overlays">
								<param name="item" value="0" />
								<param name="left" value="770" />
								<param name="top" value="428" />
								<param name="size" value="124" />
								<param name="visible" value="true" />
							</include>
						</control>
						<control type="group">
							<visible>!Skin.HasSetting(view_51_music_case_off)</visible>
							<control type="image">
								<left>118</left>
								<top>410</top>
								<width>908</width>
								<height>908</height>
								<aspectratio align="center" aligny="top">stretch</aspectratio>
								<fadetime>50</fadetime>							
								<texture diffuse="thumb_music_case_diffuse.png" background="true">$VAR[media_thumb]</texture>
							</control>
							<include content="media_case_music">
								<param name="view" value="51" />
								<param name="item" value="0" />
								<param name="condition" value="ListItem" />							
								<param name="caseleft" value="-30" />
								<param name="casetop" value="395" />
								<param name="casewidth" value="1095" />
								<param name="caseheight" value="960" />
								<param name="flagleft" value="-51" />
								<param name="flagtop" value="755" />
								<param name="flagsize" value="223" />
								<param name="casereflecttop" value="0" />
								<param name="casereflectvisible" value="false" />
							</include>
							<include content="media_overlays">
								<param name="item" value="0" />
								<param name="left" value="890" />
								<param name="top" value="428" />
								<param name="size" value="124" />
								<param name="visible" value="true" />
							</include>
						</control>
					</focusedlayout>				
					<itemlayout width="1183" height="1436" condition="Container.Content(episodes)">
						<control type="group">
							<animation effect="fade" start="100" end="50" time="400" condition="System.IdleTime(2)">Conditional</animation>							
							<control type="image">
								<left>20</left>
								<top>442</top>
								<width>1072</width>
								<height>1340</height>
								<texture colordiffuse="$INFO[skin.string(texture_base_color)]">white80.png</texture>
							</control>
							<control type="label">
								<left>48</left>
								<top>470</top>
								<width>1020</width>
								<height>50</height>							
								<label>[B]$INFO[ListItem.TVShowTitle][/B]</label>
								<font>font_plot</font>
								<scroll>false</scroll>								
							</control>
							<control type="image">
								<left>48</left>
								<top>542</top>
								<width>1016</width>
								<height>574</height>
								<aspectratio>keep</aspectratio>
								<texture diffuse="thumb_episode_diffuse.png">$INFO[ListItem.Icon]</texture>
							</control>							
							<include content="media_overlays">
								<param name="item" value="0" />
								<param name="left" value="975" />
								<param name="top" value="554" />
								<param name="size" value="80" />
								<param name="visible" value="true" />
							</include>
							<include content="media_info_plot">
								<param name="left" value="48" />
								<param name="top" value="1138" />
								<param name="width" value="1020" />
								<param name="height" value="620" />
								<param name="label" value="$VAR[media_plot]" />									
								<param name="visible" value="true" />
							</include>
							<control type="image">
								<left>20</left>
								<top>442</top>
								<width>1072</width>
								<height>1340</height>
								<texture>view_51_episode_box_border.png</texture>
							</control>
						</control>
					</itemlayout>
					<focusedlayout width="1183" height="1436" condition="Container.Content(episodes)">
						<control type="image">
							<left>20</left>
							<top>442</top>
							<width>1072</width>
							<height>1340</height>
							<texture colordiffuse="$INFO[skin.string(texture_highlight_color)]">white80.png</texture>
						</control>
						<control type="label">
							<left>48</left>
							<top>470</top>
							<width>1020</width>
							<height>50</height>							
							<label>[B]$INFO[ListItem.TVShowTitle][/B]</label>
							<font>font_plot</font>
							<textcolor>$INFO[skin.string(label_base_color)]</textcolor>
						</control>
						<control type="image">
							<left>48</left>
							<top>542</top>
							<width>1016</width>
							<height>574</height>
							<aspectratio>keep</aspectratio>
							<texture diffuse="thumb_episode_diffuse.png" >$INFO[ListItem.Icon]</texture>
						</control>
						<include content="media_overlays">
							<param name="left" value="975" />
							<param name="top" value="554" />
							<param name="size" value="80" />
							<param name="visible" value="true" />
						</include>
						<control type="textbox">
							<left>52</left>
							<top>1138</top>
							<width>1008</width>
							<height>620</height>				
							<label>$INFO[ListItem.Plot]</label>
							<textcolor>$INFO[skin.string(label_base_color)]</textcolor>
							<autoscroll delay="10000" time="3000" repeat="10000">true</autoscroll>
						</control>
						<control type="image">
							<left>20</left>
							<top>442</top>
							<width>1072</width>
							<height>1340</height>
							<texture>view_51_episode_box_border.png</texture>
						</control>						
					</focusedlayout>
				</control>
				<control type="image" id="5103">
					<include>invisible_image</include>
					<animation effect="fade" end="100" time="200" delay="300">WindowOpen</animation>
					<visible>![Container.OnNext | Container.OnPrevious]</visible>
				</control>	
				<control type="image" id="5120">
					<include>invisible_image</include>
					<animation effect="fade" start="0" end="100" time="150" delay="2000">Visible</animation>
					<visible>![Container.OnNext | Container.OnPrevious]</visible>
				</control>
				<control type="button" id="5130">
					<include>invisible_button</include>
					<onleft>51</onleft>
					<onright>51</onright>
					<onup>9900</onup>
					<ondown>51</ondown>
				</control>							
			</control>
			<include content="scrollbar_horizontal">
				<param name="id" value="510" />
				<param name="left" value="570" />
				<param name="top" value="1920" />
				<param name="width" value="2700" />
				<param name="onup" value="51" />
				<param name="ondown" value="9920" />
				<param name="hiddenfocus" value="true" />
				<param name="visible" value="Control.IsVisible(51) + Control.HasFocus(510)" />
			</include>			
		</control>
	</include>
</includes>