<?xml version="1.0" encoding="UTF-8"?>
<includes><!-- Aeon MQ 9 -->
	<include name="view_63">
		<control type="group">
			<animation effect="fade" time="400">VisibleChange</animation>
			<visible>Control.IsVisible(63)</visible>
			<include content="media_info_title">
				<param name="view" value="63" />
				<param name="vignette" value="false" />
				<param name="mask" value="true" />
				<param name="plot" value="true" />
				<param name="panel" value="true" />
			</include>			
			<control type="group">
				<animation effect="slide" time="1000" start="-2400,0" end="0,0" tween="cubic" easing="out">WindowOpen</animation>
				<animation effect="slide" time="700" start="0,0" end="-2400,0" tween="cubic" easing="out">WindowClose</animation>
				<animation effect="slide" time="1000" start="0,1800" end="0,0" tween="cubic" easing="out">Visible</animation>
				<animation effect="fade" time="200" start="100" end="0">Hidden</animation>
				<control type="fixedlist" id="63">
				<viewtype label="-03">Shelf</viewtype>
					<left>-90</left>
					<top>630</top>
					<width>5700</width>
					<height>1844</height>					
					<onleft>63</onleft>
					<onright>63</onright>
					<onup condition="String.IsEqual(skin.string(view_63_panel),manual) + !String.IsEqual(ListItem.Label,..)">6330</onup>
					<onup condition="![String.IsEqual(skin.string(view_63_panel),manual) + !String.IsEqual(ListItem.Label,..)]">9900</onup>
					<ondown>630</ondown>					
					<pagecontrol>630</pagecontrol>
					<orientation>horizontal</orientation>
					<focusposition>3</focusposition>
					<camera x="4020" y="1140" />
					<animation effect="rotatey" center="75" start="8" end="8" time="0" condition="true">Conditional</animation>
					<animation effect="slide" start="0,0" end="0,-24" time="300" tween="sine" easing="out" condition="Control.HasFocus(630)">Conditional</animation>
					<visible>Container.Content(movies) | Container.Content(sets) | Container.Content(musicvideos) | Container.Content(tvshows) | Container.Content(seasons) | Container.Content(favourites)</visible>
					<itemlayout width="528" height="736" condition="Window.IsActive(videos)">
						<control type="group">
							<left>450</left>
							<control type="image">
								<left>-6</left>
								<top>1080</top>
								<width>84</width>
								<height>912</height>
								<texture>view_63_case_reflect.png</texture>
								<visible>!ListItem.IsParentFolder</visible>	
							</control>
							<control type="image">
								<left>-6</left>
								<top>400</top>
								<width>84</width>
								<height>710</height>
								<aspectratio align="center" aligny="center">stretch</aspectratio>
								<texture>view_63_case.png</texture>	
								<visible>!ListItem.IsParentFolder</visible>									
							</control>
							<control type="image">
								<left>-450</left>
								<top>1100</top>
								<width>488</width>
								<height>724</height>
								<fadetime>200</fadetime>
								<aspectratio align="center" aligny="center">stretch</aspectratio>
								<texture colordiffuse="30ffffff" flipy="true" diffuse="view_63_thumb_reflect.png">view_63_thumb_border.png</texture>
								<visible>!ListItem.IsParentFolder</visible>									
							</control>
							<control type="image">
								<left>-450</left>
								<top>1104</top>
								<width>486</width>
								<height>724</height>
								<fadetime>200</fadetime>
								<aspectratio align="center" aligny="center">stretch</aspectratio>
								<texture flipy="true" diffuse="view_63_thumb_reflect.png" fallback="DefaultVideo.png" background="true">$VAR[media_thumb]</texture>								
							</control>
							<control type="image">
								<left>-448</left>
								<top>392</top>
								<width>486</width>
								<height>724</height>
								<fadetime>200</fadetime>
								<aspectratio align="center" aligny="center">stretch</aspectratio>
								<texture>view_63_thumb_diffuse.png</texture>
								<visible>!ListItem.IsParentFolder</visible>									
							</control>
							<control type="image">
								<left>-448</left>
								<top>392</top>
								<width>486</width>
								<height>724</height>
								<fadetime>200</fadetime>
								<aspectratio align="center" aligny="center">stretch</aspectratio>
								<texture diffuse="view_63_thumb_diffuse.png" fallback="DefaultVideo.png" background="true">$VAR[media_thumb]</texture>								
							</control>
							<include content="media_overlays">
								<param name="item" value="0" />
								<param name="left" value="-84" />
								<param name="top" value="400" />
								<param name="size" value="120" />
								<param name="visible" value="true" />
							</include>
						</control>
					</itemlayout>
					<focusedlayout width="660" height="1544" condition="Window.IsActive(videos)">
						<control type="group">
							<left>420</left>
							<animation type="Focus" reversible="false">
								<effect type="zoom" center="180,714" start="80" end="100" time="600" tween="cubic" easing="out" />
							</animation>
							<control type="image">
								<left>132</left>
								<top>1136</top>
								<width>108</width>
								<height>990</height>
								<aspectratio align="center" aligny="center">stretch</aspectratio>
								<texture>view_63_case_reflect.png</texture>	
								<visible>!ListItem.IsParentFolder</visible>									
							</control>
							<control type="image">
								<left>132</left>
								<top>276</top>
								<width>108</width>
								<height>882</height>
								<aspectratio align="center" aligny="center">stretch</aspectratio>
								<texture>view_63_case.png</texture>	
								<visible>!ListItem.IsParentFolder</visible>									
							</control>
							<control type="image">
								<left>-444</left>
								<top>1148</top>
								<width>640</width>
								<height>900</height>
								<fadetime>200</fadetime>
								<aspectratio align="center" aligny="center">stretch</aspectratio>
								<texture colordiffuse="30ffffff" flipy="true" diffuse="view_63_thumb_reflect.png">view_63_thumb_border.png</texture>
								<visible>!ListItem.IsParentFolder</visible>									
							</control>
							<control type="image">
								<left>-444</left>
								<top>1152</top>
								<width>632</width>
								<height>900</height>
								<fadetime>200</fadetime>
								<aspectratio align="center" aligny="center">stretch</aspectratio>
								<texture flipy="true" diffuse="view_63_thumb_reflect.png" fallback="DefaultVideo.png" background="true">$VAR[media_thumb]</texture>								
							</control>
							<control type="image">
								<left>-444</left>
								<top>268</top>
								<width>632</width>
								<height>900</height>
								<fadetime>200</fadetime>
								<aspectratio scalediffuse="false">stretch</aspectratio>
								<texture>view_63_thumb_diffuse.png</texture>
								<visible>!ListItem.IsParentFolder</visible>								
							</control>
							<control type="image">
								<left>-444</left>
								<top>268</top>
								<width>632</width>
								<height>900</height>
								<fadetime>200</fadetime>
								<aspectratio scalediffuse="false">stretch</aspectratio>
								<texture diffuse="view_63_thumb_diffuse.png" fallback="DefaultVideo.png" background="true">$VAR[media_thumb]</texture>								
							</control>
							<include content="media_overlays">
								<param name="item" value="0" />
								<param name="left" value="36" />
								<param name="top" value="272" />
								<param name="size" value="150" />
								<param name="visible" value="true" />
							</include>
						</control>
					</focusedlayout>
					<itemlayout width="528" height="736" condition="Window.IsActive(musicplaylist) | Window.IsActive(music)">
						<control type="group">
							<left>450</left>
							<top>180</top>
							<control type="image">
								<left>-6</left>
								<top>400</top>
								<width>78</width>
								<height>480</height>
								<aspectratio scalediffuse="false">stretch</aspectratio>
								<texture>view_63_case.png</texture>								
							</control>
							<control type="image">
								<left>-488</left>
								<top>392</top>
								<width>486</width>
								<height>486</height>
								<fadetime>200</fadetime>
								<aspectratio scalediffuse="false">stretch</aspectratio>
								<texture background="true">$VAR[media_thumb]</texture>								
							</control>
							<control type="image">
								<left>-450</left>
								<top>870</top>
								<width>486</width>
								<height>486</height>
								<fadetime>200</fadetime>
								<aspectratio scalediffuse="false">stretch</aspectratio>
								<texture colordiffuse="89ffffff" flipy="true" background="true">$VAR[media_thumb]</texture>								
								<visible>!Container.Content(Genres)</visible>
							</control>
						</control>
					</itemlayout>
					<focusedlayout width="660" height="1544" condition="Window.IsActive(musicplaylist) | Window.IsActive(music)">
						<control type="group">
							<left>420</left>
							<top>180</top>
							<animation type="Focus" reversible="false">
								<effect type="zoom" center="180,714" start="80" end="100" time="600" tween="cubic" easing="out" />
							</animation>
							<control type="image">
								<left>132</left>
								<top>280</top>
								<width>108</width>
								<height>618</height>
								<aspectratio scalediffuse="false">stretch</aspectratio>
								<texture>view_63_case.png</texture>								
							</control>
							<control type="image">
								<left>-444</left>
								<top>270</top>
								<width>632</width>
								<height>632</height>
								<fadetime>200</fadetime>
								<aspectratio scalediffuse="false">stretch</aspectratio>
								<texture background="true">$VAR[media_thumb]</texture>								
							</control>
							<control type="image">
								<left>-444</left>
								<top>894</top>
								<width>632</width>
								<height>632</height>
								<fadetime>200</fadetime>
								<aspectratio scalediffuse="false">stretch</aspectratio>
								<texture flipy="true" background="true">$VAR[media_thumb]</texture>								
							</control>
						</control>
					</focusedlayout>
				</control>
			</control>
			<control type="image" id="6320">
				<include>invisible_image</include>
				<animation effect="fade" start="0" end="100" time="150" delay="2000">Visible</animation>
				<visible>![Container.OnNext | Container.OnPrevious]</visible>
			</control>
			<control type="button" id="6330">
				<include>invisible_button</include>
				<onleft>63</onleft>
				<onright>63</onright>
				<onup>9900</onup>
				<ondown>63</ondown>
			</control>
			<include content="scrollbar_horizontal">
				<param name="id" value="630" />
				<param name="left" value="916" />
				<param name="top" value="1880" />
				<param name="width" value="2010" />
				<param name="onup" value="63" />
				<param name="ondown" value="9920" />
				<param name="hiddenfocus" value="true" />
				<param name="visible" value="Control.IsVisible(63) + Control.HasFocus(630)" />
			</include>
		</control>
	</include>
</includes>